Number,MendeleevNumber,AtomicWeight,MeltingT,Column,Row,CovalentRadius,Electronegativity,NsValence,NpValence,NdValence,NfValence,NValence,NsUnfilled,NpUnfilled,NdUnfilled,NfUnfilled,NUnfilled,GSvolume_pa,GSbandgap,GSmagmom,SpaceGroupNumber,band_gap
2.5,89.5,4.25763,26.27,4.5,1.25,41.0,2.41,1.25,0.75,0.0,0.0,2.0,0.75,0.75,0.0,0.0,1.5,8.653437499999999,7.499,0.0,194.0,4.3412
10.0,82.375,20.36934825,158.39375,15.0,2.375,84.5,2.72125,2.0,3.0,0.0,0.0,5.0,0.0,3.0,0.0,0.0,3.0,17.6943080357,4.6325,0.0,122.0,3.5599999999999996
6.0,61.75,12.240275,160.70999999999998,11.5,2.0,85.25,2.5250000000000004,1.75,2.25,0.0,0.0,4.0,0.25,2.25,0.0,0.0,2.5,15.224895833325,4.82775,0.0,202.75,3.6643
9.333333333333334,60.666666666666664,18.70188,135.11333333333332,6.0,2.3333333333333335,100.0,2.1533333333333333,1.3333333333333333,1.3333333333333333,0.0,0.0,2.6666666666666665,0.6666666666666666,0.6666666666666666,0.0,0.0,1.3333333333333333,29.608888888899997,2.6176666666666666,0.0,145.0,3.6839000000000004
10.0,84.0,20.326620666666667,145.05,15.333333333333334,2.3333333333333335,81.33333333333333,2.89,2.0,3.3333333333333335,0.0,0.0,5.333333333333333,0.0,2.6666666666666665,0.0,0.0,2.6666666666666665,15.481329365066665,2.6873333333333336,0.0,69.33333333333333,5.1829
23.6,90.6,56.63872256,162.922,16.4,2.8,74.8,3.65,2.0,4.4,2.0,2.8,11.2,0.0,1.6,0.0,0.0,1.6,13.388,1.576,0.0,57.0,2.0001
27.6,78.7,66.05647884800001,227.56199999999998,14.2,3.2,94.0,2.9829999999999997,1.9,3.3,3.0,2.8,11.0,0.1,2.1,0.0,0.0,2.2,16.556833333329998,1.182,0.0,84.6,4.455900000000001
12.0,71.6,24.432100639999998,177.598,13.2,2.6,99.4,2.852,1.8,3.4,0.0,0.0,5.2,0.2,1.4,0.0,0.0,1.6,25.362208333339996,0.8343999999999999,0.0,67.6,3.9978
20.0,81.0,46.0819838875,190.79625,14.75,2.875,90.625,3.34,1.875,4.125,1.25,0.0,7.25,0.125,1.125,0.0,0.0,1.25,25.69625,1.4775,0.0,60.625,5.0381
33.57142857142857,54.285714285714285,80.97264340000001,248.4828571428571,9.857142857142858,3.857142857142857,134.57142857142858,2.3857142857142857,1.7142857142857142,2.2857142857142856,0.14285714285714285,0.5714285714285714,4.714285714285714,0.2857142857142857,1.1428571428571428,1.2857142857142858,1.4285714285714286,4.142857142857143,40.91482142857143,0.0,0.0,81.14285714285714,0.3679000000000001
39.333333333333336,32.333333333333336,93.93676793333333,219.32666666666663,6.0,4.666666666666667,184.66666666666666,1.6733333333333331,1.3333333333333333,1.3333333333333333,0.0,0.0,2.6666666666666665,0.6666666666666666,0.6666666666666666,0.0,0.0,1.3333333333333333,80.21166666666666,0.0,0.0,156.66666666666666,0.6218999999999999
13.5,45.0,27.54885,195.665,8.5,3.0,134.5,2.13,1.5,2.0,0.0,0.0,3.5,0.5,1.0,0.0,0.0,1.5,41.10583333335,0.0,0.0,120.5,2.396
12.285714285714286,63.142857142857146,24.89417142857143,182.9457142857143,11.714285714285714,2.7142857142857144,110.71428571428571,2.5685714285714285,1.7142857142857142,2.857142857142857,0.0,0.0,4.571428571428571,0.2857142857142857,1.4285714285714286,0.0,0.0,1.7142857142857142,29.7743154762,0.31457142857142856,0.0,82.28571428571429,5.2168
26.0,70.8,60.4623323,211.262,12.8,3.4,111.8,2.884,1.8,3.0,2.0,0.0,6.8,0.2,0.6,0.0,0.0,0.8,32.8765,1.182,0.0,93.6,3.7493999999999996
13.0,84.16666666666667,26.9071,216.70666666666668,15.333333333333334,2.5,81.83333333333333,2.9983333333333335,2.0,3.3333333333333335,1.6666666666666667,0.0,7.0,0.0,1.6666666666666667,0.0,0.0,1.6666666666666667,12.694479166666667,0.367,0.0,52.0,3.8232999999999997
42.0,74.0,98.26549037999999,320.814,13.2,4.6,148.6,2.3259999999999996,1.8,3.4,8.0,0.0,13.2,0.2,1.4,0.0,0.0,1.6,47.498000000000005,0.8742000000000001,0.0,112.4,2.385
19.53846153846154,73.07692307692308,43.406246153846155,321.8184615384615,13.384615384615385,3.0,99.76923076923077,2.723076923076923,2.0,2.923076923076923,2.3076923076923075,0.0,7.230769230769231,0.0,2.1538461538461537,0.0,0.0,2.1538461538461537,19.095,0.0,0.0,74.53846153846153,2.4400000000000004
30.285714285714285,81.0,72.85672857142858,270.4142857142857,14.714285714285714,3.2857142857142856,97.28571428571429,2.86,2.0,3.4285714285714284,2.857142857142857,4.0,12.285714285714286,0.0,2.142857142857143,0.0,0.0,2.142857142857143,17.965357142857147,0.0,0.0,27.214285714285715,0.9268999999999998
20.333333333333332,75.0,46.45010213333333,317.78,13.666666666666666,3.0,94.16666666666667,3.0766666666666667,2.0,3.3333333333333335,1.6666666666666667,0.0,7.0,0.0,0.6666666666666666,0.0,0.0,0.6666666666666666,19.39666666666667,1.3133333333333332,0.0,80.5,4.668699999999999
33.5,63.5,80.462475,249.76500000000001,11.5,3.75,124.25,2.33,1.75,2.25,2.5,3.5,10.0,0.25,2.25,0.0,0.0,2.5,33.960625,0.0,0.0,111.75,0.8540999999999999
30.0,92.0,67.6714405,278.675,16.5,3.75,116.75,2.7674999999999996,2.0,4.5,7.5,0.0,14.0,0.0,1.5,0.0,0.0,1.5,27.7525595238,1.499,0.0,48.5,3.3482000000000003
46.142857142857146,74.42857142857143,109.70093969285713,313.26928571428573,13.285714285714286,4.714285714285714,150.57142857142858,2.3607142857142853,1.7857142857142858,3.642857142857143,7.857142857142857,2.0,15.285714285714286,0.21428571428571427,1.0714285714285714,0.0,0.0,1.2857142857142858,48.46535714285715,0.9366428571428572,0.0,91.92857142857143,2.5987999999999998
7.5,84.75,14.99706965,264.27,11.5,2.0,71.0,2.6725000000000003,1.75,2.25,0.0,0.0,4.0,0.25,2.25,0.0,0.0,2.5,10.32625,1.96325,0.0,110.75,5.2866
39.6,87.0,96.72644,285.24199999999996,15.6,3.8,105.6,2.878,2.0,3.6,4.0,5.6,15.2,0.0,2.4,0.0,0.0,2.4,20.753500000000003,0.4986,0.0,65.0,2.0992999999999995
27.11111111111111,72.55555555555556,61.24098931111111,316.02,13.11111111111111,3.7777777777777777,135.55555555555554,2.5055555555555555,1.7777777777777777,3.5555555555555554,1.1111111111111112,0.0,6.444444444444445,0.2222222222222222,1.1111111111111112,0.0,0.0,1.3333333333333333,44.61333333333333,1.7045555555555554,0.0,118.55555555555556,2.3199
15.333333333333334,69.55555555555556,33.17855768888889,313.56777777777774,12.666666666666666,2.7777777777777777,98.55555555555556,3.08,1.5555555555555556,3.3333333333333335,1.1111111111111112,0.0,6.0,0.2222222222222222,0.6666666666666666,0.0,0.0,0.8888888888888888,24.31870370371111,1.3133333333333335,0.0,85.88888888888889,2.0949
12.666666666666666,67.44444444444444,26.6726688,326.11777777777775,12.0,2.6666666666666665,100.88888888888889,3.0066666666666664,1.7777777777777777,3.3333333333333335,0.2222222222222222,0.0,5.333333333333333,0.2222222222222222,0.6666666666666666,0.8888888888888888,0.0,1.7777777777777777,24.572037037044442,1.3133333333333335,2.5037037037e-06,82.44444444444444,4.7348
13.333333333333334,69.44444444444444,27.87560213333333,302.4511111111111,12.666666666666666,2.6666666666666665,96.88888888888889,3.0477777777777777,1.7777777777777777,3.3333333333333335,0.8888888888888888,0.0,6.0,0.2222222222222222,0.6666666666666666,0.2222222222222222,0.0,1.1111111111111112,23.864259259266664,1.3133333333333335,0.06615496666666668,85.88888888888889,2.3729
12.7,61.5,26.717288848,354.493,11.1,2.7,105.3,2.811,1.6,3.0,0.5,0.0,5.1,0.4,0.6,0.5,0.0,1.5,24.48916666667,1.182,0.0,100.6,4.2623
36.0,32.333333333333336,83.29853333333334,372.97333333333336,6.0,4.666666666666667,186.66666666666666,1.3966666666666665,1.3333333333333333,1.3333333333333333,3.3333333333333335,0.0,6.0,0.6666666666666666,0.6666666666666666,0.0,0.0,1.3333333333333333,69.12166666666667,0.26633333333333337,0.0,157.33333333333334,1.8176999999999999
23.5,81.0,50.894,345.635,14.5,3.5,113.5,2.1950000000000003,2.0,2.5,5.0,0.0,9.5,0.0,3.5,0.0,0.0,3.5,22.3221875,1.101,0.0,67.0,2.0109000000000004
21.0,73.0,48.9751699,338.375,13.5,3.0,94.5,3.26,2.0,3.75,0.25,0.0,6.0,0.0,0.75,2.25,0.0,3.0,16.505,1.4775,0.0,59.75,6.0222
8.0,62.0,16.48033465,374.19,11.5,2.25,95.25,2.3674999999999997,1.75,2.25,0.0,0.0,4.0,0.25,2.25,0.0,0.0,2.5,12.820833333325,0.0,0.0,119.5,4.5928
19.166666666666668,77.66666666666667,43.70506033333333,384.4166666666667,13.666666666666666,2.8333333333333335,93.33333333333333,2.8649999999999998,2.0,3.1666666666666665,0.0,2.0,7.166666666666667,0.0,1.8333333333333333,0.0,0.3333333333333333,2.1666666666666665,14.929206349200001,0.2708333333333333,0.0,40.666666666666664,5.925599999999999
22.0,75.0,50.4988024,383.375,13.5,3.0,92.5,3.2737499999999997,2.0,3.75,0.0,1.25,7.0,0.0,0.75,0.0,2.25,3.0,15.74125,1.4775,0.0,59.75,5.0991
22.0,35.0,50.64237158857143,336.0571428571429,6.571428571428571,3.4285714285714284,144.28571428571428,1.442857142857143,1.4285714285714286,0.8571428571428571,1.4285714285714286,2.0,5.714285714285714,0.5714285714285714,0.8571428571428571,0.0,0.0,1.4285714285714286,26.764485104357142,0.4642857142857143,0.0,155.14285714285714,0.041200000000000125
37.333333333333336,74.22222222222223,86.43995555555554,326.93111111111114,13.333333333333334,4.333333333333333,144.22222222222223,2.388888888888889,1.7777777777777777,3.7777777777777777,7.777777777777778,0.0,13.333333333333334,0.2222222222222222,0.8888888888888888,0.0,0.0,1.1111111111111112,43.67648148147778,1.022888888888889,0.0,110.44444444444444,2.158
12.0,22.25,24.985767459999998,357.4775,4.5,3.0,151.25,1.245,1.25,0.75,0.0,0.0,2.0,0.75,0.75,0.0,0.0,1.5,27.575059523775,0.40625,0.0,172.25,0.40280000000000005
33.5,81.8,80.86667992,377.396,14.3,3.5,90.2,3.1479999999999997,1.9,3.0,3.4,4.2,12.5,0.1,0.6,0.6,0.0,1.3,15.21377586207,1.182,0.0,81.7,0.0
41.5,36.0,103.7655,344.005,6.5,4.0,130.0,1.49,1.5,0.0,5.0,7.0,13.5,0.5,0.0,0.0,0.0,0.5,20.9154597701,0.0,0.0,197.5,0.0
17.142857142857142,78.71428571428571,37.04122857142857,376.57428571428574,14.0,2.857142857142857,91.42857142857143,2.744285714285714,2.0,2.5714285714285716,3.7142857142857144,0.0,8.285714285714286,0.0,2.5714285714285716,0.5714285714285714,0.0,3.142857142857143,12.123571428571429,0.0,0.30152325714285716,57.857142857142854,0.5743000000000005
10.0,84.66666666666667,20.7672688,343.3333333333333,12.0,2.3333333333333335,85.0,3.09,2.0,3.3333333333333335,0.0,0.0,5.333333333333333,0.0,0.6666666666666666,0.0,0.0,0.6666666666666666,14.101666666666667,1.3133333333333332,0.0,74.66666666666667,6.832
28.6,61.6,66.04367038000001,402.24699999999996,10.8,3.8,141.5,2.279,1.7,3.0,0.1,1.4,6.2,0.3,0.6,0.9,0.0,1.8,42.397333333329996,1.4957999999999998,0.00022471,126.5,5.4223
26.444444444444443,83.66666666666667,63.4026688,379.55555555555554,14.666666666666666,3.111111111111111,88.0,3.1844444444444444,2.0,3.5555555555555554,2.4444444444444446,3.111111111111111,11.11111111111111,0.0,1.7777777777777777,0.8888888888888888,0.0,2.6666666666666665,14.306111111111111,1.3133333333333335,2.5037037037e-06,74.66666666666667,3.9155
53.4,77.8,128.10466638,369.798,13.8,5.2,160.0,2.286,1.8,4.0,8.0,0.0,13.8,0.2,0.8,0.0,0.0,1.0,57.565,0.8496,0.0,97.0,1.7847
39.5,80.625,95.9735275,415.48125,14.25,3.875,111.625,2.70875,2.0,3.375,3.75,4.625,13.75,0.0,1.875,0.0,0.625,2.5,22.133958333337503,0.13275,0.0,41.25,1.3500999999999994
20.444444444444443,69.55555555555556,43.553844444444444,478.8511111111111,12.444444444444445,3.4444444444444446,129.33333333333334,2.533333333333333,1.6666666666666667,3.3333333333333335,0.7777777777777778,0.0,5.777777777777778,0.3333333333333333,0.6666666666666666,0.3333333333333333,0.0,1.3333333333333333,34.07870370371111,1.662,0.0,115.11111111111111,0.0
18.666666666666668,51.333333333333336,39.78117709333333,460.2833333333333,9.333333333333334,3.3333333333333335,131.66666666666666,1.5899999999999999,1.6666666666666667,1.0,3.3333333333333335,0.0,6.0,0.3333333333333333,1.0,0.0,0.0,1.3333333333333333,21.924523809500002,0.5416666666666666,0.0,141.66666666666666,0.9098999999999999
42.0,32.666666666666664,99.51186666666666,449.1933333333333,6.0,5.0,192.66666666666666,1.2466666666666668,1.3333333333333333,1.3333333333333333,3.3333333333333335,0.0,6.0,0.6666666666666666,0.6666666666666666,0.0,0.0,1.3333333333333333,72.06944444443333,0.15466666666666667,0.0,203.33333333333334,1.8947
39.875,81.375,97.01523375000001,433.10625,14.25,3.875,111.0,2.7125,2.0,3.375,3.75,5.0,14.125,0.0,1.875,0.0,0.25,2.125,21.990000000000002,0.13275,0.0,41.25,1.4005999999999998
36.22222222222222,71.0,83.63384444444445,478.8066666666667,12.666666666666666,4.222222222222222,140.22222222222223,2.408888888888889,1.6666666666666667,3.3333333333333335,7.666666666666667,1.5555555555555556,14.222222222222221,0.3333333333333333,0.6666666666666666,0.1111111111111111,0.0,1.1111111111111112,37.56814814815555,0.9713333333333334,0.0,118.55555555555556,1.3266
6.363636363636363,34.81818181818182,13.606263636363638,468.57636363636357,6.545454545454546,2.1818181818181817,108.27272727272727,1.7909090909090908,1.3636363636363635,1.0909090909090908,0.45454545454545453,0.0,2.909090909090909,0.6363636363636364,1.0909090909090908,0.45454545454545453,0.0,2.1818181818181817,15.438636363618183,2.340727272727273,0.0,216.27272727272728,1.4398
56.75,38.25,140.37419232,459.87749999999994,6.75,5.25,161.25,1.455,1.75,0.0,5.0,7.0,13.75,0.25,0.0,0.0,0.0,0.25,35.827126436775,0.0,0.0,197.5,0.0
28.8,84.6,66.31041239999999,411.87600000000003,15.2,3.6,113.4,2.31,2.0,3.2,2.0,2.8,10.0,0.0,2.8,0.0,0.0,2.8,25.368172619040003,1.6461999999999999,0.0,81.2,1.7792999999999997
11.625,14.875,27.1679375,449.20125,3.25,2.5625,130.625,1.13,1.1875,0.1875,1.875,0.0,3.25,0.8125,0.9375,0.0,0.0,1.75,18.030833333306248,0.0,0.0,212.125,0.0
27.75,75.25,62.65025,452.2,13.5,3.75,126.75,2.6550000000000002,2.0,3.75,0.0,1.0,6.75,0.0,0.75,0.0,2.5,3.25,27.075625,1.8697499999999998,0.0,96.5,4.2997000000000005
13.272727272727273,71.72727272727273,28.521446545454545,439.2081818181819,13.272727272727273,2.5454545454545454,90.72727272727273,2.798181818181818,1.9090909090909092,3.090909090909091,1.9090909090909092,0.0,6.909090909090909,0.09090909090909091,1.8181818181818181,0.8181818181818182,0.0,2.727272727272727,13.355757575754545,0.0,5.772727272727273e-07,76.27272727272727,3.4715
16.0,60.25,33.660775,450.97499999999997,11.0,3.0,116.75,2.4,1.5,2.0,2.5,0.0,6.0,0.5,1.0,0.0,0.0,1.5,25.596666666675,0.0,0.0,119.5,0.8873
34.4,71.6,79.38449038,404.398,10.8,4.2,149.0,2.1959999999999997,1.8,3.0,6.0,0.0,10.8,0.2,0.6,0.0,0.0,0.8,45.419,0.8742000000000001,0.0,123.0,4.0464
23.0,63.25,50.67006732,424.31,11.5,3.5,129.375,1.97875,1.75,2.25,2.5,0.0,6.5,0.25,1.5,0.0,0.0,1.75,26.801770833325,1.101,0.0,134.125,1.9251
27.333333333333332,65.33333333333333,62.17413439999999,456.43333333333334,12.0,3.6666666666666665,124.0,2.6300000000000003,2.0,3.3333333333333335,3.3333333333333335,0.0,8.666666666666666,0.0,0.6666666666666666,0.0,0.0,0.6666666666666666,31.139166666666664,1.1423333333333334,0.0,101.33333333333333,5.0036
19.2,70.2,43.17747772,460.3740000000001,12.8,3.0,104.4,2.612,2.0,2.6,0.0,0.6,5.2,0.0,2.2,0.0,2.2,4.4,15.894,0.0,0.0,91.0,4.221299999999999
62.666666666666664,91.0,153.66964666666667,458.1033333333333,16.0,5.333333333333333,141.33333333333334,2.5500000000000003,2.0,4.0,10.0,4.666666666666667,20.666666666666668,0.0,2.0,0.0,0.0,2.0,38.04666666666667,0.7080000000000001,0.0,117.66666666666667,2.4334
7.333333333333333,30.0,15.315666666666665,431.91333333333336,6.0,2.3333333333333335,120.33333333333333,1.5133333333333334,1.3333333333333333,1.3333333333333333,0.0,0.0,2.6666666666666665,0.6666666666666666,0.6666666666666666,0.0,0.0,1.3333333333333333,19.6578472222,0.734,0.0,176.0,3.5385
37.75,81.5,91.34957625,423.975,14.25,3.75,108.75,2.7512499999999998,2.0,3.375,3.75,5.125,14.25,0.0,1.875,0.0,0.125,2.0,20.1975,0.182125,0.0,41.25,1.4283000000000001
23.0,47.5,52.465040975,556.2975,9.0,3.5,136.5,2.2575000000000003,1.75,2.0,0.25,0.0,4.0,0.25,1.0,2.25,0.0,3.5,39.0525,0.0,1.5875e-06,111.75,2.9579999999999997
23.0,78.5,48.7225,540.52,14.0,3.5,113.5,2.115,2.0,2.0,5.0,0.0,9.0,0.0,1.0,0.0,0.0,1.0,19.8734375,1.101,0.0,132.0,1.9964
50.4,61.8,119.31979999999999,543.8,10.8,5.2,156.6,1.6019999999999999,2.0,0.8,8.0,0.0,10.8,0.0,4.0,0.0,0.0,4.0,32.126,0.0,0.0,157.0,0.0
18.0,65.0,36.99466666666667,486.06666666666666,12.0,3.3333333333333335,126.66666666666667,2.44,2.0,3.3333333333333335,0.0,0.0,5.333333333333333,0.0,0.6666666666666666,0.0,0.0,0.6666666666666666,28.921666666666667,1.662,0.0,117.66666666666667,5.582800000000001
30.25,53.25,71.1814,548.015,9.0,3.75,135.25,2.235,1.75,2.0,0.0,3.0,6.75,0.25,1.0,0.0,0.5,1.75,34.879375,0.0,0.0,111.75,3.6779
12.0,72.5,25.4877804,493.625,13.5,2.5,85.25,3.3249999999999997,2.0,3.75,0.25,0.0,6.0,0.0,0.75,2.25,0.0,3.0,12.839375,1.4775,1.5875e-06,59.75,6.11
35.333333333333336,61.333333333333336,88.68077,511.3666666666666,11.0,3.6666666666666665,112.66666666666667,2.486666666666667,2.0,2.0,0.3333333333333333,1.0,5.333333333333333,0.0,2.0,3.0,3.6666666666666665,8.666666666666666,16.520833333333332,4.291333333333333,0.0,150.33333333333334,0.7736000000000001
58.0,41.25,142.29244232,553.1274999999999,7.0,5.25,157.25,1.52125,1.75,0.0,5.0,8.25,15.0,0.25,0.0,0.0,2.25,2.5,28.390251436775003,0.0,0.0,188.75,0.0
28.857142857142858,62.142857142857146,65.65985768571429,495.6542857142857,10.857142857142858,4.0,147.85714285714286,2.2685714285714287,1.5714285714285714,2.857142857142857,0.7142857142857143,0.0,5.142857142857143,0.42857142857142855,0.5714285714285714,0.7142857142857143,0.0,1.7142857142857142,48.67285714285714,1.4245714285714286,0.0,134.71428571428572,0.0
26.0,38.0,61.25075,501.66999999999996,7.0,3.5,134.75,1.4024999999999999,1.5,0.5,5.0,0.0,7.0,0.5,1.0,0.0,0.0,1.5,21.491666666649998,0.0,0.0,198.25,0.0
16.4,48.2,33.777759999999994,502.13199999999995,8.8,3.2,132.4,2.086,1.6,1.6,1.6,0.0,4.8,0.4,0.8,0.4,0.0,1.6,34.94866666668,0.0,0.11907894000000001,141.4,2.9074
8.222222222222221,36.888888888888886,17.30130955555556,545.2611111111112,7.111111111111111,2.4444444444444446,119.11111111111111,1.4855555555555557,1.4444444444444444,1.2222222222222223,0.0,0.0,2.6666666666666665,0.5555555555555556,1.4444444444444444,0.0,0.0,2.0,19.01304232801111,0.6275555555555555,0.0,153.11111111111111,1.2765
5.428571428571429,48.0,11.376028571428572,553.3528571428571,9.142857142857142,2.0,95.14285714285714,2.185714285714286,1.5714285714285714,1.8571428571428572,0.0,0.0,3.4285714285714284,0.42857142857142855,1.5714285714285714,0.0,0.0,2.0,12.038214285699999,0.21771428571428572,0.0,127.0,5.1566
55.5,40.0,137.2571625,531.5825,7.0,5.0,148.75,1.5274999999999999,1.75,0.0,5.0,7.75,14.5,0.25,0.0,0.0,2.75,3.0,25.685876436774997,0.0,0.0,188.75,0.0
30.0,65.66666666666667,66.62866666666666,548.8666666666667,12.0,4.0,138.66666666666666,2.3066666666666666,2.0,3.3333333333333335,6.666666666666667,0.0,12.0,0.0,0.6666666666666666,0.0,0.0,0.6666666666666666,32.24333333333333,0.9713333333333334,0.0,117.66666666666667,4.7449
22.75,21.0,57.00575,490.41999999999996,4.25,3.0,132.5,1.3175,1.25,0.5,2.5,3.5,7.75,0.75,1.0,0.0,0.0,1.75,19.472499999975,0.0,0.0,228.0,0.0
47.8,71.2,113.91680418000001,487.26399999999995,12.6,4.8,148.0,2.4419999999999997,1.6,3.0,8.0,2.8,15.4,0.4,0.6,0.0,0.0,1.0,44.181,0.8742000000000001,0.0,129.2,0.709
34.5,63.75,82.966,550.48,11.5,4.0,131.5,1.7475,1.75,2.25,7.5,0.0,11.5,0.25,2.25,0.0,0.0,2.5,26.244374999974998,0.232,0.0,149.25,1.9666000000000001
18.0,76.45454545454545,39.881890909090906,539.8218181818182,13.272727272727273,2.909090909090909,96.0,2.7927272727272725,2.0,2.5454545454545454,2.3636363636363638,0.0,6.909090909090909,0.0,1.2727272727272727,1.2727272727272727,0.0,2.5454545454545454,11.70409090909091,0.0,0.0,84.54545454545455,2.5957
9.727272727272727,37.27272727272727,20.440367727272726,526.78,7.0,2.5454545454545454,120.63636363636364,1.6136363636363635,1.4545454545454546,1.4545454545454546,0.45454545454545453,0.0,3.3636363636363638,0.5454545454545454,0.7272727272727273,0.45454545454545453,0.0,1.7272727272727273,19.381371473336365,0.8007272727272727,2.8192789968636364e-05,170.0909090909091,1.8507999999999998
76.25,60.5,190.1738375,582.99,9.75,6.0,147.5,1.8025,2.0,0.0,7.5,12.75,22.25,0.0,0.0,0.0,1.25,1.25,26.86235632185,0.0,0.0,173.0,0.0
12.181818181818182,59.09090909090909,24.65564689090909,587.3327272727273,10.909090909090908,2.8181818181818183,113.27272727272727,2.0936363636363637,2.0,1.6363636363636365,0.0,0.0,3.6363636363636362,0.0,2.727272727272727,0.0,0.0,2.727272727272727,21.508522727272727,2.9259090909090912,0.0,210.9090909090909,2.6072999999999995
25.0,48.0,56.174925,583.6625,9.0,3.75,140.75,2.025,2.0,2.0,0.0,0.0,4.0,0.0,1.0,0.0,0.0,1.0,36.9315625,2.2325,0.0,177.0,1.9838999999999998
13.333333333333334,50.666666666666664,28.828799999999998,622.0866666666667,9.333333333333334,2.6666666666666665,108.66666666666667,2.106666666666667,1.3333333333333333,1.3333333333333333,3.3333333333333335,0.0,6.0,0.6666666666666666,0.6666666666666666,0.0,0.0,1.3333333333333333,12.2561111111,0.0,0.0,155.33333333333334,1.5631999999999997
17.09090909090909,59.36363636363637,37.62164689090909,569.6054545454546,10.909090909090908,3.090909090909091,118.45454545454545,2.08,2.0,1.6363636363636365,0.0,0.0,3.6363636363636362,0.0,2.727272727272727,0.0,0.0,2.727272727272727,25.997613636363635,2.9259090909090912,0.0,210.9090909090909,2.1584000000000003
11.777777777777779,82.77777777777777,27.209737777777775,581.7844444444444,2.0,2.0,68.0,2.002222222222222,1.3333333333333333,0.0,0.6666666666666666,1.5555555555555556,3.5555555555555554,0.6666666666666666,0.0,0.4444444444444444,0.0,1.1111111111111112,11.062222222222223,5.235333333333333,0.0,194.0,3.4486
11.6,69.2,23.23234,593.28,12.8,2.6,97.0,2.644,2.0,2.8,0.0,0.0,4.8,0.0,2.0,0.0,0.0,2.0,17.105,0.15460000000000002,0.0,97.6,4.8811
32.0,79.0,72.16999999999999,593.3399999999999,14.0,4.0,121.0,2.0999999999999996,2.0,2.0,10.0,0.0,14.0,0.0,1.0,0.0,0.0,1.0,19.94,0.3995,0.0,104.0,1.6143
41.0,84.25,97.568325,564.375,15.0,4.25,123.5,2.2075,2.0,3.0,5.0,3.5,13.5,0.0,3.0,0.0,0.0,3.0,27.510937499999997,1.101,0.0,125.0,1.5268999999999995
54.75,76.75,131.2388525,613.6375,13.5,5.25,154.5,2.2800000000000002,2.0,3.75,7.5,1.0,14.25,0.0,0.75,0.0,2.5,3.25,40.963750000000005,0.7965,0.0,96.5,2.0193
36.4,78.6,88.3862676,567.812,14.0,3.6,94.0,3.08,1.6,2.4,4.0,5.6,13.6,0.4,1.2,0.0,0.0,1.6,12.143,0.0,0.0,97.2,0.8886000000000001
30.0,59.2,69.17582,581.192,10.8,3.8,128.6,2.344,2.0,2.4,0.0,1.2,5.6,0.0,1.2,0.0,4.4,5.6,23.069374999999997,0.4404,0.0,96.4,3.0053
15.5,43.833333333333336,31.685375000000004,609.0133333333333,8.333333333333334,3.1666666666666665,127.75,1.9174999999999998,2.0,1.3333333333333333,0.8333333333333334,0.0,4.166666666666667,0.0,1.6666666666666667,0.0,0.0,1.6666666666666667,26.61010416666667,2.6820833333333334,0.0,198.66666666666666,0.8703000000000003
38.75,61.25,89.88225,563.4325,10.5,4.5,141.0,1.65,2.0,0.75,7.5,1.5,11.75,0.0,3.75,0.0,2.0,5.75,22.450625000000002,0.0,0.0,89.5,0.0
16.8,62.4,36.69704,631.08,10.8,3.0,110.6,2.5620000000000003,2.0,2.4,0.4,0.0,4.8,0.0,1.2,1.6,0.0,2.8,19.647,0.0,4.50666666666e-06,91.0,1.8583000000000003
10.380952380952381,60.142857142857146,21.861514285714286,579.8742857142857,10.285714285714286,2.4761904761904763,100.19047619047619,2.5190476190476194,1.8095238095238095,2.2857142857142856,0.47619047619047616,0.0,4.571428571428571,0.19047619047619047,1.1428571428571428,1.9047619047619047,0.0,3.238095238095238,12.337301587295238,0.0,5.365079365071429e-06,96.66666666666667,2.66
40.0,89.66666666666667,93.57648999999999,559.6633333333333,16.0,4.333333333333333,127.66666666666667,2.43,2.0,4.0,6.666666666666667,0.0,12.666666666666666,0.0,2.0,0.0,0.0,2.0,33.45395833333333,1.088,0.0,100.0,1.6748999999999996
56.25,41.5,139.62025,566.8325,7.0,5.0,147.5,1.5375,1.75,0.0,5.0,8.5,15.25,0.25,0.0,0.0,2.0,2.25,25.074626436775,0.0,0.0,181.75,0.0
27.333333333333332,51.666666666666664,59.84133333333333,573.6066666666667,9.333333333333334,4.0,140.0,1.54,2.0,0.6666666666666666,6.666666666666667,0.0,9.333333333333334,0.0,3.3333333333333335,0.0,0.0,3.3333333333333335,25.161666666666672,0.0,0.0,117.66666666666667,0.0
38.5,41.25,93.03070964,555.63,7.5,4.25,154.0,1.3825,1.5,1.0,5.0,3.5,11.0,0.5,2.0,0.0,0.0,2.5,29.23916666665,0.0,0.0,204.5,0.4767000000000001
16.5,62.5,35.18285,613.125,11.5,3.0,109.5,2.2725,2.0,2.0,2.5,0.0,6.5,0.0,2.5,0.0,0.0,2.5,22.578125,3.3142500000000004,0.0,209.5,3.0019
14.333333333333334,70.75,30.642650000000003,565.0500000000001,12.166666666666666,2.75,101.25,2.590833333333333,2.0,2.6666666666666665,0.0,0.0,4.666666666666667,0.0,1.8333333333333333,0.0,0.0,1.8333333333333333,19.663749999999997,0.12883333333333333,0.0,98.5,4.5359
79.6,69.4,199.4888,595.7360000000001,11.6,6.0,132.8,2.056,1.8,0.0,9.8,14.0,25.6,0.2,0.0,0.2,0.0,0.4,23.19406896552,0.0,0.0,177.8,0.0
12.666666666666666,67.5,26.649168666666668,702.6999999999999,12.0,2.6666666666666665,97.83333333333333,2.7916666666666665,2.0,2.6666666666666665,0.6666666666666666,0.0,5.333333333333333,0.0,1.3333333333333333,2.6666666666666665,0.0,4.0,11.944166666666666,0.0,1.0583333333333333e-06,78.5,2.6851
27.333333333333332,65.0,63.40532666666666,701.7888888888889,11.777777777777779,3.5555555555555554,113.55555555555556,2.6444444444444444,1.5555555555555556,2.2222222222222223,2.4444444444444446,0.0,6.222222222222222,0.0,1.1111111111111112,2.0,0.0,3.111111111111111,16.46,0.0,0.0,99.77777777777777,1.1456999999999997
51.75,61.0,122.174,645.8125,10.5,5.25,156.75,1.6199999999999999,2.0,0.75,7.5,1.0,11.25,0.0,3.75,0.0,2.5,6.25,26.8975,0.0,0.0,152.75,0.0
29.0,79.0,64.12339683333333,699.0491666666668,14.0,3.8333333333333335,121.33333333333333,2.3733333333333335,1.5833333333333333,2.4166666666666665,4.166666666666667,0.0,8.166666666666666,0.4166666666666667,1.0833333333333333,0.0,0.0,1.5,21.36356150793333,1.2849166666666667,0.0,127.91666666666667,1.2689
8.0,37.0,16.9612693,693.58,7.0,2.5,124.5,1.295,1.5,0.5,0.0,0.0,2.0,0.5,2.5,0.0,0.0,3.0,16.53666666665,0.0,0.0,227.0,0.0
31.2,78.0,74.66283999999999,714.5680000000001,13.8,3.4,92.6,2.9130000000000003,1.7,2.4,3.7,4.2,12.0,0.3,1.2,0.3,0.0,1.8,11.365,0.0,0.0,94.1,0.36819999999999986
45.22222222222222,64.11111111111111,109.87956888888888,679.6144444444444,11.444444444444445,4.666666666666667,146.11111111111111,2.0977777777777775,1.8888888888888888,2.6666666666666665,6.888888888888889,0.6666666666666666,12.11111111111111,0.1111111111111111,1.3333333333333333,2.0,2.4444444444444446,5.888888888888889,29.852962962966664,0.5326666666666667,0.0,48.77777777777778,0.0
52.25,51.25,128.63524999999998,687.595,8.75,4.75,132.75,1.7950000000000002,1.25,0.0,7.5,7.0,15.75,0.25,0.0,0.0,0.0,0.25,20.369626436775,0.0,0.0,196.5,0.0
18.5,53.5,41.105675,655.39,9.0,3.25,128.75,2.1325,1.75,1.5,0.75,0.0,4.0,0.25,1.5,1.75,0.0,3.5,33.3175,3.2185,0.0,211.5,0.7071000000000001
43.857142857142854,56.857142857142854,103.73591571428571,668.472857142857,10.428571428571429,4.857142857142857,157.57142857142858,1.9985714285714284,2.0,2.2857142857142856,6.142857142857143,0.0,10.428571428571429,0.0,1.1428571428571428,3.857142857142857,0.0,5.0,31.141428571428573,0.6244285714285714,0.0,119.71428571428571,0.0
36.0,48.5,84.696,694.1800000000001,9.0,4.5,160.0,1.735,2.0,2.0,0.0,0.0,4.0,0.0,1.0,0.0,0.0,1.0,44.6884375,1.101,0.0,149.5,2.2091000000000003
30.333333333333332,70.66666666666667,67.664,654.5300000000001,12.333333333333334,4.0,125.33333333333333,1.8399999999999999,1.6666666666666667,0.6666666666666666,10.0,0.0,12.333333333333334,0.3333333333333333,3.3333333333333335,0.0,0.0,3.6666666666666665,16.261666666666667,0.0,0.0,117.66666666666667,0.0
18.25,77.5,37.9036715,669.975,13.75,3.25,111.25,2.12,2.0,2.25,2.0,0.0,6.25,0.0,2.25,0.5,0.0,2.75,19.5076785714,1.21875,0.148848675,57.75,0.0
20.4,62.6,45.36844,668.48,10.8,3.2,113.6,2.5200000000000005,2.0,2.4,0.4,0.0,4.8,0.0,1.2,1.6,0.0,2.8,20.948,0.0,0.0,91.0,3.6257
16.0,57.285714285714285,37.38851428571429,688.7971428571428,10.285714285714286,2.5714285714285716,97.42857142857143,2.5828571428571427,1.7142857142857142,2.2857142857142856,0.5714285714285714,2.0,6.571428571428571,0.2857142857142857,1.1428571428571428,0.8571428571428571,0.0,2.2857142857142856,12.236666666657143,0.0,0.0,105.0,3.9135000000000004
28.5,58.25,63.531228,680.6825,10.5,4.0,134.0,1.6975,2.0,0.75,7.75,0.0,10.5,0.0,3.75,2.25,0.0,6.0,19.701875,0.0,1.5875e-06,96.5,0.0
30.0,69.0,65.38,692.68,12.0,4.0,122.0,1.65,2.0,0.0,10.0,0.0,12.0,0.0,0.0,0.0,0.0,0.0,13.96,0.0,0.0,194.0,0.0
30.0,63.5,72.28063465,708.12,11.5,3.75,131.25,1.6975,1.75,2.25,5.0,0.0,9.0,0.25,2.25,0.0,0.0,2.5,25.649999999974998,0.232,0.0,189.5,2.6599
37.55555555555556,85.22222222222223,89.4805111111111,653.1777777777778,14.88888888888889,4.0,118.22222222222223,2.728888888888889,2.0,3.5555555555555554,2.6666666666666665,4.666666666666667,12.88888888888889,0.0,1.7777777777777777,0.6666666666666666,0.0,2.4444444444444446,24.095,1.662,0.0,111.22222222222223,0.0
15.285714285714286,72.0,32.68739071428572,682.3142857142857,12.142857142857142,2.857142857142857,97.28571428571429,2.63,2.0,2.2857142857142856,2.142857142857143,0.0,6.428571428571429,0.0,1.1428571428571428,2.142857142857143,0.0,3.2857142857142856,9.697536945814287,0.0,0.00013290886699499999,99.85714285714286,0.8357000000000001
63.5,55.5,157.98,705.5,9.5,5.5,155.0,1.955,2.0,2.0,5.5,2.0,11.5,0.0,1.0,4.5,5.0,10.5,22.186875,0.3995,0.0,38.0,0.0
8.666666666666666,3.0,17.986666666666668,674.1266666666667,1.3333333333333333,2.6666666666666665,144.0,0.9866666666666667,1.3333333333333333,0.0,0.0,0.0,1.3333333333333333,0.6666666666666666,0.0,0.0,0.0,0.6666666666666666,23.6522222222,0.0,0.0,227.66666666666666,0.0
50.333333333333336,64.0,126.54520333333335,731.2366666666667,11.333333333333334,4.666666666666667,135.0,2.1733333333333333,2.0,2.3333333333333335,3.6666666666666665,1.0,9.0,0.0,1.6666666666666667,3.0,3.6666666666666665,8.333333333333334,23.185694444433334,2.3003333333333336,0.0,136.33333333333334,0.0
59.0,72.0,142.20085633333335,732.2766666666666,12.333333333333334,5.333333333333333,140.0,2.033333333333333,1.6666666666666667,0.6666666666666666,10.0,4.666666666666667,17.0,0.3333333333333333,3.3333333333333335,0.0,0.0,3.6666666666666665,21.74,0.0,0.0,167.66666666666666,0.0
21.333333333333332,59.77777777777778,47.69301539555555,716.1211111111111,10.666666666666666,3.2222222222222223,112.55555555555556,2.468888888888889,1.1111111111111112,1.7777777777777777,3.3333333333333335,0.0,6.222222222222222,0.2222222222222222,0.8888888888888888,0.0,0.0,1.1111111111111112,15.348518518511112,0.0,0.0,131.22222222222223,0.7313000000000001
59.5,42.0,145.7575,733.7325000000001,7.5,5.5,167.0,1.5575,2.0,0.5,5.0,7.0,14.5,0.0,1.0,0.0,0.0,1.0,40.451896551725,0.0,0.0,210.25,0.18110000000000026
29.0,62.714285714285715,64.64344385714286,728.0785714285714,11.0,4.0,129.42857142857142,1.7557142857142856,2.0,0.7142857142857143,8.285714285714286,0.0,11.0,0.0,3.5714285714285716,1.7142857142857142,0.0,5.285714285714286,18.10964285714286,0.0,0.22121107857142858,101.14285714285714,0.0
45.5,79.75,108.1978,745.79,14.0,4.75,135.75,1.985,1.75,2.25,10.0,0.0,14.0,0.25,2.25,0.0,0.0,2.5,26.17854166665,0.232,0.0,148.25,0.1926000000000001
24.0,68.66666666666667,51.68833333333333,769.4533333333333,8.666666666666666,3.6666666666666665,128.33333333333334,1.5366666666666664,2.0,0.0,6.666666666666667,0.0,8.666666666666666,0.0,0.0,0.0,0.0,0.0,16.936666666666667,0.0,0.0,194.0,0.0
43.0,60.333333333333336,101.45877333333333,784.2733333333334,9.666666666666666,4.666666666666667,145.33333333333334,1.6166666666666665,2.0,0.6666666666666666,6.666666666666667,3.6666666666666665,13.0,0.0,3.3333333333333335,0.0,1.0,4.333333333333333,22.8161111111,0.0,0.0,107.33333333333333,0.0
26.2,65.2,61.318380000000005,775.1800000000001,11.6,3.4,111.2,2.669,2.0,2.4,1.2,1.4,7.0,0.0,1.2,0.8,0.0,2.0,20.818,0.0,0.059539470000000004,98.4,3.3607
42.666666666666664,59.666666666666664,100.64866666666667,763.6066666666667,9.666666666666666,4.666666666666667,145.33333333333334,1.6133333333333333,2.0,0.6666666666666666,6.666666666666667,3.3333333333333335,12.666666666666666,0.0,3.3333333333333335,0.0,1.3333333333333333,4.666666666666667,22.985,0.0,0.0,107.33333333333333,0.0
25.0,46.42857142857143,56.170821428571436,763.4685714285714,8.571428571428571,3.7142857142857144,137.21428571428572,1.9,1.7857142857142858,1.0714285714285714,2.142857142857143,0.0,5.0,0.21428571428571427,1.0714285714285714,0.0,0.0,1.2857142857142858,30.888125,2.2989285714285717,0.0,213.92857142857142,0.4905000000000004
69.25,62.25,170.6313025,720.215,9.75,5.75,149.5,1.7349999999999999,2.0,0.0,7.5,10.25,19.75,0.0,0.0,0.0,0.25,0.25,24.937543103450004,0.0,0.0,180.0,0.0
11.333333333333334,77.66666666666667,23.65323533333333,731.5333333333333,10.666666666666666,2.6666666666666665,103.33333333333333,1.9833333333333334,2.0,2.0,0.0,0.0,4.0,0.0,2.0,0.0,0.0,2.0,17.6768253968,1.0833333333333333,0.0,66.0,0.8590999999999998
23.454545454545453,68.63636363636364,50.443636363636365,776.4327272727271,8.363636363636363,3.6363636363636362,128.9090909090909,1.5263636363636364,2.0,0.0,6.363636363636363,0.0,8.363636363636363,0.0,0.0,0.0,0.0,0.0,17.207272727272727,0.0,0.0,194.0,0.0
57.25,55.75,139.636728,719.215,9.75,5.25,144.5,1.7625,2.0,0.0,7.75,7.0,16.75,0.0,0.0,2.25,0.0,2.25,23.05129310345,0.0,1.5875e-06,180.0,0.0
53.0,57.0,130.1729,781.75,7.5,5.0,156.5,1.375,2.0,0.5,5.0,7.0,14.5,0.0,2.5,0.0,0.0,2.5,32.735,0.0,0.0,201.75,0.0
44.5,51.75,107.18239224999999,744.865,9.0,4.5,138.0,1.7249999999999999,1.5,0.0,7.5,3.5,12.5,0.5,0.0,0.0,0.0,0.5,18.070833333325,0.0,0.0,210.5,0.0
52.0,90.0,127.6,722.66,16.0,5.0,138.0,2.1,2.0,4.0,10.0,0.0,16.0,0.0,2.0,0.0,0.0,2.0,34.7633333333,0.464,0.0,152.0,0.5789
18.5,22.25,39.205,746.65,4.5,3.5,150.5,1.1975,1.75,0.25,2.5,0.0,4.5,0.25,1.25,0.0,0.0,1.5,27.747708333325,0.0,0.0,185.75,0.0
23.333333333333332,71.33333333333333,53.63905,786.0333333333333,12.0,3.1666666666666665,103.33333333333333,2.765,1.8333333333333333,2.6666666666666665,0.6666666666666666,1.8333333333333333,7.0,0.16666666666666666,1.3333333333333333,1.0,0.5,3.0,14.222222222216667,0.0,0.0,78.5,3.5028
37.0,50.0,85.94070599999999,760.65,9.0,4.5,155.0,1.66,2.0,1.5,0.0,1.5,5.0,0.0,1.5,0.0,5.5,7.0,29.122619047599997,0.8125,0.0,98.0,0.0
20.666666666666668,69.44444444444444,46.570684444444446,758.7555555555556,12.0,3.111111111111111,104.33333333333333,2.747777777777778,1.7777777777777777,2.6666666666666665,0.8888888888888888,0.0,5.333333333333333,0.2222222222222222,1.3333333333333333,1.3333333333333333,0.0,2.888888888888889,17.175555555555558,0.0,0.0,84.33333333333333,2.6629
71.75,41.0,178.95,710.41,7.25,6.0,168.5,1.5125,2.0,0.0,5.25,7.0,14.25,0.0,0.0,2.25,0.0,2.25,37.304418103450004,0.0,0.0,195.5,0.0
50.75,56.75,119.5351625,746.665,9.75,5.25,158.75,1.55,2.0,0.0,7.5,0.75,10.25,0.0,0.0,0.0,2.75,2.75,23.54,0.0,0.0,194.0,0.0
5.588235294117647,19.11764705882353,11.916176470588235,743.8805882352942,4.0588235294117645,2.235294117647059,124.0,1.1964705882352942,1.2352941176470589,0.47058823529411764,0.0,0.0,1.7058823529411764,0.7647058823529411,0.9411764705882353,0.0,0.0,1.7058823529411764,17.498431372523527,0.18188235294117647,0.0,228.52941176470588,0.0
42.5,52.75,100.57828749999999,732.365,9.0,4.75,163.5,1.7824999999999998,1.75,2.0,5.0,2.25,11.0,0.25,1.0,0.0,1.25,2.5,43.574791666675,0.3995,0.0,112.75,2.01
44.0,32.6,104.2828,762.728,6.0,4.8,158.4,1.4,2.0,0.0,4.0,5.6,11.6,0.0,0.0,0.0,0.0,0.0,32.757034482760005,0.0,0.0,201.4,0.0
14.0,78.0,28.584506,811.15,11.5,3.0,116.5,1.8975,2.0,2.0,0.0,0.0,4.0,0.0,2.5,0.0,0.0,2.5,22.1176190476,1.00575,0.0,106.25,1.3714000000000004
21.0,38.0,46.111784639999996,797.3775,7.0,3.5,145.75,1.4849999999999999,1.25,0.75,5.0,0.0,7.0,0.75,0.75,0.0,0.0,1.5,22.932916666649998,0.0,0.0,212.25,0.7429000000000001
25.2,81.0,55.051,840.906,14.4,3.6,114.8,2.3899999999999997,1.6,2.8,4.0,0.0,8.4,0.0,2.0,0.0,0.0,2.0,22.955125,1.3978,0.0,132.0,1.3728
21.0,68.5,46.3315,840.8050000000001,4.5,3.5,141.75,1.405,2.0,0.0,2.5,0.0,4.5,0.0,0.0,0.0,0.0,0.0,22.04125,0.0,0.0,194.0,0.0
54.0,46.0,127.86282499999999,816.875,8.0,5.5,172.5,1.455,2.0,0.5,5.0,1.5,9.0,0.0,2.5,0.0,5.5,8.0,29.9675,0.0,0.0,166.5,0.0
27.5,78.75,62.11188464999999,819.81,14.0,3.75,123.25,2.1525,1.75,2.25,7.5,0.0,11.5,0.25,2.25,0.0,0.0,2.5,19.8475,0.3995,0.0,119.5,0.8932000000000002
36.4,79.8,89.08563999999998,814.202,14.0,3.6,97.6,2.97,2.0,2.8,3.2,5.6,13.6,0.0,2.0,0.8,0.0,2.8,13.903,0.0,0.0,91.0,0.0
15.6,61.4,36.6729528,849.22,7.2,2.8,109.8,2.022,2.0,1.2,0.0,0.0,3.2,0.0,1.2,0.0,0.0,1.2,21.7815,2.5748,0.0,201.0,1.2393
16.5,78.0,35.8999265,851.5,11.5,3.0,107.5,1.99,2.0,2.0,2.5,0.0,6.5,0.0,2.5,0.0,0.0,2.5,19.0088690476,0.90825,0.0,105.75,0.9116
29.0,61.8,64.82206,808.0139999999999,11.0,4.0,141.4,1.9439999999999997,1.4,1.6,8.0,0.0,11.0,0.6,0.8,0.0,0.0,1.4,29.417333333340004,0.3196,0.0,141.4,0.0
44.0,49.8,105.69612,831.9560000000001,8.8,4.8,163.6,1.6239999999999999,1.4,1.6,5.8,2.8,11.6,0.6,0.8,0.2,0.0,1.6,46.152,0.18560000000000001,0.0,197.4,0.9854000000000003
21.75,16.5,53.97675,850.6175000000001,3.25,3.0,130.0,1.305,1.0,0.0,2.25,3.5,6.75,1.0,0.0,0.25,0.0,1.25,16.199999999975,0.0,0.0,228.0,0.0
6.8,73.2,14.0685528,833.82,7.2,2.2,95.0,2.1060000000000003,2.0,1.2,0.0,0.0,3.2,0.0,1.2,0.0,0.0,1.2,13.641500000000002,2.5748,0.0,194.0,4.073000000000001
60.0,61.25,148.186,790.41,7.25,5.25,148.5,1.6375,2.0,0.0,5.0,10.0,17.0,0.0,0.0,0.0,0.5,0.5,25.98754310345,0.0,0.0,180.0,0.0
16.5,62.25,35.125178,820.3425,11.5,3.0,108.5,2.535,1.75,2.0,2.75,0.0,6.5,0.25,1.0,2.25,0.0,3.5,12.87875,0.0,1.5875e-06,110.75,2.3793
25.333333333333332,76.0,56.122508,820.8833333333333,13.333333333333334,3.6666666666666665,117.66666666666667,2.1933333333333334,1.3333333333333333,2.0,3.3333333333333335,0.0,6.666666666666667,0.0,2.0,0.0,0.0,2.0,19.850158730133334,1.0833333333333333,0.0,76.33333333333333,0.40609999999999946
61.5,45.0,150.9395,817.16,7.25,5.5,158.0,1.555,2.0,0.0,5.0,9.5,16.5,0.0,0.0,0.0,1.0,1.0,29.87129310345,0.0,0.0,187.75,0.0
52.666666666666664,54.333333333333336,125.06066666666668,844.48,9.0,5.333333333333333,162.0,1.5166666666666666,2.0,0.0,6.666666666666667,2.0,10.666666666666666,0.0,0.0,0.0,2.6666666666666665,2.6666666666666665,24.073333333333334,0.0,0.0,184.66666666666666,0.0
6.0,77.0,12.505790999999999,807.4,9.0,2.0,81.0,2.505,2.0,2.0,0.0,0.0,4.0,0.0,1.0,0.0,0.0,1.0,8.4975,0.0,0.0,103.0,7.463099999999999
48.8,61.4,120.06739999999999,809.4440000000001,6.8,4.8,157.8,1.634,2.0,0.8,4.0,5.6,12.4,0.0,1.6,0.0,0.0,1.6,33.118,0.0,0.0,213.4,0.0
27.5,69.16666666666667,64.86458,800.5333333333333,12.0,3.3333333333333335,105.83333333333333,2.733333333333333,2.0,2.6666666666666665,0.5,3.0,8.166666666666666,0.0,1.3333333333333333,1.1666666666666667,1.6666666666666667,4.166666666666667,14.891666666666667,0.0,0.0,78.5,3.95
56.0,38.75,139.35807499999999,803.6725,5.0,5.0,161.75,1.28,1.75,0.25,2.5,10.5,15.0,0.25,1.25,0.0,0.0,1.5,27.935833333324997,0.0,0.0,218.25,0.0
55.2,78.4,134.62132,794.01,13.6,5.0,133.8,2.1079999999999997,1.6,2.0,10.0,5.6,19.2,0.0,2.8,0.0,0.0,2.8,24.014000000000003,0.3196,0.0,128.2,0.0
65.75,58.5,165.0179,850.0,7.75,5.5,161.5,1.4125,2.0,0.5,5.25,7.0,14.75,0.0,2.5,2.25,0.0,4.75,30.305625,0.0,0.0,201.75,0.0
17.333333333333332,69.66666666666667,36.60484133333333,858.5333333333333,11.333333333333334,3.3333333333333335,124.66666666666667,1.9733333333333334,2.0,2.0,0.6666666666666666,0.0,4.666666666666667,0.0,2.0,2.6666666666666665,0.0,4.666666666666667,20.610158730133335,1.0833333333333333,7.5111111111e-06,66.0,0.0
34.75,40.5,77.93641249999999,926.0899999999999,7.25,4.5,155.75,1.3575,2.0,0.0,5.0,0.75,7.75,0.0,0.0,0.0,2.75,2.75,25.34125,0.0,0.0,201.75,0.0
63.0,57.0,154.672,869.3225,8.0,5.5,160.5,1.625,2.0,0.5,5.0,10.5,18.0,0.0,1.0,0.0,0.0,1.0,27.577499999999997,0.0,0.0,217.25,0.0
32.285714285714285,41.0,73.76037142857145,919.2571428571429,7.714285714285714,4.285714285714286,154.85714285714286,1.657142857142857,2.0,1.4285714285714286,2.857142857142857,0.0,6.285714285714286,0.0,1.1428571428571428,0.0,0.0,1.1428571428571428,38.625,0.0,0.0,177.71428571428572,1.2166000000000001
37.166666666666664,65.5,87.57688333333333,930.735,11.5,4.166666666666667,131.66666666666666,2.186666666666667,1.5,2.0,3.0,4.666666666666667,11.166666666666666,0.5,1.0,0.3333333333333333,0.0,1.8333333333333333,30.084548611116663,1.101,0.0,148.16666666666666,1.3468999999999998
46.5,47.0,108.672,893.8399999999999,7.5,5.0,160.0,1.4175,2.0,0.0,5.0,3.5,10.5,0.0,0.0,0.0,3.5,3.5,25.21,0.0,0.0,211.5,0.0
8.4,61.0,17.2231528,872.22,7.2,2.4,102.0,2.044,2.0,1.2,0.0,0.0,3.2,0.0,1.2,0.0,0.0,1.2,16.6175,2.5748,0.0,200.2,2.4433
53.5,43.5,126.659325,899.11,7.5,5.5,173.5,1.41,2.0,0.0,5.0,1.5,8.5,0.0,0.0,0.0,5.5,5.5,27.585,0.0,0.0,194.0,0.0
33.25,39.5,77.211075,932.5,4.75,4.25,159.5,1.2325,2.0,0.25,2.5,3.5,8.25,0.0,1.25,0.0,0.0,1.25,31.335,0.0,0.0,209.5,0.0
17.25,71.75,36.885225,911.8425,12.25,3.0,100.75,2.61,1.5,2.0,3.75,0.0,7.25,0.5,1.0,1.25,0.0,2.75,10.1175,0.0,0.0,119.5,1.6568999999999998
41.333333333333336,61.0,98.27195555555555,922.5066666666668,10.666666666666666,4.444444444444445,140.88888888888889,2.088888888888889,1.4444444444444444,1.7777777777777777,3.0,4.666666666666667,10.88888888888889,0.5555555555555556,0.8888888888888888,0.3333333333333333,0.0,1.7777777777777777,36.628055555555555,0.9786666666666667,0.0,157.0,1.4918
46.25,51.25,110.72394231999999,900.1775,8.75,4.75,147.5,1.6475,1.5,0.0,7.25,3.5,12.25,0.5,0.0,0.25,0.0,0.75,20.813333333325,0.0,0.0,210.5,0.0
43.714285714285715,86.71428571428571,104.6976,897.4342857142857,15.428571428571429,4.571428571428571,130.0,2.11,2.0,3.4285714285714284,10.0,0.0,15.428571428571429,0.0,2.5714285714285716,0.0,0.0,2.5714285714285716,29.48690476188571,0.31985714285714284,0.0,166.42857142857142,0.7328000000000001
69.0,44.5,171.644385,885.0,8.0,6.0,176.0,1.36,2.0,0.5,5.5,7.0,15.0,0.0,2.5,4.5,0.0,7.0,31.903750000000002,0.0,0.0,194.0,0.0
25.0,38.0,52.729,903.8399999999999,7.0,4.0,149.0,1.325,2.0,0.0,5.0,0.0,7.0,0.0,0.0,0.0,0.0,0.0,25.865000000000002,0.0,0.0,209.5,0.0
36.4,63.0,83.58604,913.0719999999999,11.2,4.4,139.4,1.7100000000000002,2.0,1.2,8.0,0.0,11.2,0.0,1.2,0.0,0.0,1.2,27.172000000000004,0.0,0.0,189.8,0.2974000000000001
22.5,29.75,53.755375,921.595,4.75,3.25,138.5,1.2799999999999998,1.5,0.5,0.0,3.5,5.5,0.5,1.0,0.0,0.0,1.5,21.936666666649998,0.19325,0.0,227.5,0.0
26.5,54.0,61.64535,936.775,9.0,3.5,123.25,2.0949999999999998,2.0,1.5,0.5,3.5,7.5,0.0,1.5,2.0,0.0,3.5,22.376875,3.2185,0.0,201.75,0.6364999999999998
14.0,46.5,29.481306,938.525,9.0,3.0,120.5,2.2,2.0,1.5,0.5,0.0,4.0,0.0,1.5,4.5,0.0,6.0,18.501875,3.2185,3.175e-06,194.0,0.3250000000000002
24.6,59.2,53.49283799999999,925.0360000000001,10.2,3.8,136.4,1.948,1.8,1.6,2.8,0.0,6.2,0.2,0.8,1.2,0.0,2.2,32.557249999999996,0.8808,0.61938848,151.4,0.0
8.4,49.0,17.200727712,938.168,9.2,2.4,110.0,2.098,1.6,1.6,0.0,0.0,3.2,0.4,2.0,0.0,0.0,2.4,18.732833333320002,3.474,0.0,208.0,3.0415
56.8,62.4,137.70819999999998,911.3279999999999,10.8,5.4,153.6,1.8099999999999998,1.8,1.2,7.8,2.8,13.6,0.2,2.4,0.2,0.0,2.8,35.693,0.0,0.0,175.4,0.0
37.0,65.0,85.7822,941.12,11.333333333333334,4.333333333333333,140.66666666666666,1.9766666666666666,2.0,2.3333333333333335,3.3333333333333335,2.0,9.666666666666666,0.0,1.6666666666666667,0.0,2.6666666666666665,4.333333333333333,27.063958333333332,0.734,0.0,134.0,0.3589000000000002
27.142857142857142,40.714285714285715,59.97591428571428,903.1942857142857,7.714285714285714,4.0,149.71428571428572,1.6485714285714284,2.0,1.4285714285714286,2.857142857142857,0.0,6.285714285714286,0.0,1.1428571428571428,0.0,0.0,1.1428571428571428,31.900714285714287,0.0,0.0,177.71428571428572,0.9288999999999996
47.75,49.5,112.20349999999999,962.5899999999999,7.5,5.0,157.5,1.42875,2.0,0.0,5.0,4.75,11.75,0.0,0.0,0.0,2.25,2.25,23.970625000000002,0.0,0.0,201.75,0.0
56.5,78.16666666666667,138.57188333333332,1023.6333333333333,13.5,5.0,129.5,2.3049999999999997,1.6666666666666667,2.1666666666666665,9.666666666666666,7.0,20.5,0.3333333333333333,1.8333333333333333,0.3333333333333333,0.0,2.5,22.451666666666668,0.3995,0.0,114.33333333333333,0.6746999999999996
36.75,55.0,84.5082125,977.61,7.25,4.5,154.75,1.4775,2.0,0.0,5.25,0.0,7.25,0.0,0.0,2.25,0.0,2.25,23.56125,0.0,0.0,194.0,0.0
50.0,82.33333333333333,121.53733333333334,956.8833333333332,14.0,5.0,144.16666666666666,1.9716666666666667,2.0,3.3333333333333335,8.666666666666666,0.0,14.0,0.0,1.6666666666666667,1.3333333333333333,0.0,3.0,32.83527777775,0.3866666666666667,0.0,159.0,0.0777000000000001
31.666666666666668,78.0,70.83946666666667,1006.7133333333333,13.666666666666666,4.0,122.66666666666667,2.18,2.0,2.3333333333333335,6.0,0.0,10.333333333333334,0.0,1.6666666666666667,0.6666666666666666,0.0,2.3333333333333335,22.555624999999996,0.734,0.19846490000000003,153.66666666666666,0.0
56.25,50.5,134.70208,975.125,8.0,5.5,169.25,1.4825,2.0,0.5,5.0,3.75,11.25,0.0,2.5,0.0,3.25,5.75,28.515833333325,0.0,0.0,166.5,0.0
57.0,52.0,136.81375,993.625,8.0,5.5,167.75,1.4925000000000002,2.0,0.5,5.0,4.5,12.0,0.0,2.5,0.0,2.5,5.0,28.083750000000002,0.0,0.0,159.5,0.0
34.0,67.25,75.64,976.5225,11.5,4.25,126.25,1.7874999999999999,1.5,0.0,10.0,0.0,11.5,0.0,0.0,0.0,0.0,0.0,14.072500000000002,0.0,0.0,201.75,0.0
45.666666666666664,53.0,107.45733333333334,977.9499999999999,9.333333333333334,5.0,158.33333333333334,1.6600000000000001,1.6666666666666667,0.6666666666666666,7.0,0.3333333333333333,9.666666666666666,0.3333333333333333,1.3333333333333333,3.0,4.333333333333333,9.0,27.198333333333334,0.0,0.0,186.66666666666666,0.0
56.75,51.5,136.23158,987.875,8.0,5.5,168.5,1.49,2.0,0.5,5.0,4.25,11.75,0.0,2.5,0.0,2.75,5.25,28.120833333325002,0.0,0.0,159.5,0.0
36.666666666666664,72.66666666666667,82.60046666666666,952.7400000000001,12.666666666666666,4.333333333333333,131.66666666666666,2.1466666666666665,1.3333333333333333,1.3333333333333333,6.666666666666667,0.0,9.333333333333334,0.6666666666666666,0.6666666666666666,0.0,0.0,1.3333333333333333,19.482291666666665,0.734,0.0,173.33333333333334,1.3874
16.4,37.2,32.863780000000006,1017.36,7.2,3.4,141.0,1.668,2.0,1.2,0.0,0.0,3.2,0.0,1.2,0.0,0.0,1.2,28.570999999999998,0.15460000000000002,0.0,182.8,0.18660000000000032
42.0,84.5,100.12,967.03,15.0,4.5,129.0,2.0549999999999997,2.0,3.0,10.0,0.0,15.0,0.0,3.0,0.0,0.0,3.0,28.884166666649996,0.4235,0.0,188.5,0.8215000000000003
54.5,50.0,130.93800000000002,987.39,9.0,5.5,171.5,1.585,2.0,1.5,5.5,0.5,9.5,0.0,1.5,4.5,6.5,12.5,34.4,0.0,0.0,180.0,0.0
55.5,53.5,134.253825,963.3299999999999,9.5,5.5,170.5,1.615,2.0,2.0,5.0,1.5,10.5,0.0,1.0,0.0,5.5,6.5,35.21916666665,0.232,0.0,173.0,0.0
70.66666666666667,78.0,174.7936,972.2833333333333,13.333333333333334,5.666666666666667,145.0,2.08,1.3333333333333333,2.0,10.0,9.333333333333334,22.666666666666668,0.0,2.0,0.0,0.0,2.0,26.77,0.0,0.0,83.0,0.0
63.25,48.0,154.378575,965.3050000000001,7.75,5.75,171.25,1.4125,2.0,0.25,5.0,6.5,13.75,0.0,1.25,0.0,4.0,5.25,28.21625,0.0,0.0,180.0,0.0
10.0,69.0,20.01738,1020.4799999999999,12.8,2.4,90.0,2.774,2.0,2.8,0.0,0.0,4.8,0.0,2.0,0.0,0.0,2.0,14.145000000000001,0.8992000000000001,0.0,91.0,5.050000000000001
31.25,60.25,72.0397905,1012.5250000000001,10.5,4.0,130.75,2.2375,1.75,1.75,2.0,0.25,5.75,0.25,1.25,3.0,3.25,7.75,20.606309523800004,0.40625,0.0,100.5,0.0
21.2,59.0,43.8824648,1041.1200000000001,10.4,3.6,127.6,1.8399999999999999,2.0,1.2,3.2,0.0,6.4,0.0,1.2,0.8,0.0,2.0,20.71009523808,0.65,0.23815788000000002,135.8,0.0
43.75,60.75,102.69908,1045.2175,9.75,4.75,143.75,1.7625,1.5,0.5,7.5,2.75,12.25,0.0,2.5,0.0,0.75,3.25,20.714583333325,0.0,0.0,136.75,0.0
40.5,77.0,95.573,1040.215,13.5,4.5,135.0,2.0,1.5,2.0,10.0,0.0,13.5,0.5,1.0,0.0,0.0,1.5,22.91666666665,0.232,0.0,188.5,0.0
18.0,46.333333333333336,40.67256666666666,1041.2466666666667,8.0,3.0,115.0,2.0733333333333337,1.3333333333333333,1.0,2.3333333333333335,0.0,4.666666666666667,0.6666666666666666,1.0,1.0,0.0,2.6666666666666665,14.957361111099999,2.1456666666666666,0.0,205.66666666666666,0.0
29.142857142857142,46.857142857142854,66.01472531428571,1062.8200000000002,8.571428571428571,4.142857142857143,152.42857142857142,1.4414285714285715,2.0,0.8571428571428571,2.857142857142857,0.0,5.714285714285714,0.0,2.5714285714285716,0.0,0.0,2.5714285714285716,34.52285714285714,0.10942857142857143,0.0,225.0,0.0
66.25,56.25,162.88715200000001,1093.185,9.75,5.75,154.5,2.035,1.5,0.5,7.75,7.0,16.75,0.5,1.0,2.25,0.0,3.75,25.895625000000003,0.0,0.0,196.25,0.0
49.5,59.0,118.94267500000001,1061.5,9.5,5.0,157.0,1.88,2.0,2.0,5.0,4.5,13.5,0.0,1.0,0.0,2.5,3.5,28.828333333350002,0.3995,0.0,104.0,0.0
21.0,70.5,44.9534785,1042.65,12.0,3.5,116.5,2.035,2.0,1.5,3.5,0.0,7.0,0.0,1.5,1.5,0.0,3.0,16.4076190476,0.8125,0.7742356,98.0,0.0
15.545454545454545,70.27272727272727,32.79093067272727,1085.2027272727273,12.272727272727273,3.1818181818181817,121.9090909090909,1.6590909090909092,2.0,0.8181818181818182,1.2727272727272727,0.0,4.090909090909091,0.0,4.090909090909091,0.5454545454545454,0.0,4.636363636363637,15.346363636363636,0.0,0.2815402181818182,219.36363636363637,0.0
25.0,76.33333333333333,54.04333333333333,1068.9066666666668,13.0,3.6666666666666665,119.0,2.3533333333333335,2.0,2.6666666666666665,1.6666666666666667,0.0,6.333333333333333,0.0,1.3333333333333333,1.6666666666666667,0.0,3.0,21.952916666666667,1.468,0.0,111.33333333333333,1.1825
11.0,78.0,22.989389,1101.28,13.8,2.4,82.6,2.884,2.0,2.8,1.0,0.0,5.8,0.0,2.0,1.0,0.0,3.0,8.688517241380001,0.8992000000000001,6.2024137931e-05,89.4,3.2519
66.75,57.25,163.387697,1095.935,9.75,5.75,153.5,2.0425,1.5,0.5,7.5,7.75,17.25,0.5,1.0,0.0,2.75,4.25,25.589999999999996,0.0,0.0,196.25,0.0
38.5,68.0,86.75569999999999,1078.875,11.5,4.5,133.0,1.845,2.0,0.5,9.0,0.0,11.5,0.0,2.5,1.0,0.0,3.5,17.29,0.0,0.29769735,182.0,0.0
19.0,62.0,41.29426333333333,1033.6833333333334,9.666666666666666,3.3333333333333335,116.33333333333333,2.046666666666667,2.0,1.0,3.3333333333333335,0.0,6.333333333333333,0.0,1.0,3.3333333333333335,0.0,4.333333333333333,11.9146408046,2.1456666666666666,0.00020674712643666666,209.33333333333334,0.0
43.333333333333336,61.0,103.42466666666667,1066.0266666666666,6.333333333333333,4.666666666666667,156.33333333333334,1.5033333333333332,2.0,0.6666666666666666,3.3333333333333335,4.0,10.0,0.0,1.3333333333333333,0.0,0.6666666666666666,2.0,28.919999999999998,0.0,0.0,176.33333333333334,0.0
66.4,47.4,163.5169383,1029.869,8.0,5.7,161.2,2.024,1.0,0.0,7.0,9.8,17.8,1.0,0.0,0.0,0.0,1.0,38.90675,0.0,0.0,226.2,0.0
32.0,59.6,72.4815048,1068.1399999999999,10.4,4.2,137.4,1.9460000000000002,1.2,1.2,4.0,0.0,6.4,0.0,1.2,0.0,0.0,1.2,25.638095238080002,0.65,0.0,135.8,0.0
31.0,76.0,69.89,1034.3799999999999,13.0,4.0,125.33333333333333,2.1533333333333333,2.0,2.3333333333333335,5.333333333333333,0.0,9.666666666666666,0.0,1.6666666666666667,1.3333333333333333,0.0,3.0,22.692291666666666,0.734,0.7035542666666667,155.0,0.6181999999999999
72.5,44.5,181.8075,1022.9300000000001,8.0,6.0,170.5,1.5525,2.0,0.5,5.5,3.5,11.5,0.0,1.0,4.5,0.0,5.5,34.316896551725,0.09575,0.0,210.25,0.0
58.0,75.42857142857143,141.2657142857143,1161.5271428571427,12.857142857142858,5.285714285714286,140.71428571428572,2.2085714285714286,1.1428571428571428,1.7142857142857142,10.0,4.0,16.857142857142858,0.0,1.7142857142857142,0.0,0.0,1.7142857142857142,24.139523809514287,0.1325714285714286,0.0,204.14285714285714,0.0
50.5,47.75,118.76275,1137.9050000000002,8.0,5.25,165.5,1.5025,2.0,0.5,5.0,2.5,10.0,0.0,1.0,0.0,4.5,5.5,27.54625,0.09575,0.0,201.75,0.0
16.5,78.0,34.62175,1120.6225,14.0,3.0,106.5,2.275,1.75,2.25,2.5,0.0,6.5,0.25,2.25,0.0,0.0,2.5,17.4540625,1.482,0.0,132.75,1.9145999999999992
31.666666666666668,78.0,71.13553333333333,1102.1366666666668,13.666666666666666,4.0,121.0,2.3200000000000003,1.3333333333333333,2.3333333333333335,6.666666666666667,0.0,10.333333333333334,0.0,1.6666666666666667,0.0,0.0,1.6666666666666667,20.790625000000002,0.734,0.0,153.66666666666666,0.0
44.0,52.0,105.86471666666667,1099.6666666666667,6.0,4.666666666666667,158.66666666666666,1.3833333333333335,2.0,0.3333333333333333,3.6666666666666665,4.666666666666667,10.666666666666666,0.0,1.6666666666666667,3.0,0.0,4.666666666666667,27.388333333333335,0.0,0.0,194.0,0.0
19.5,57.75,42.46261645,1149.8525,10.5,3.5,138.25,1.5125,2.0,0.75,0.25,0.0,3.0,0.0,3.75,2.25,0.0,6.0,20.45125,0.0,0.0,217.25,0.0
44.0,50.25,106.041075,1171.6975,8.5,4.5,137.75,1.75,0.75,0.25,7.5,3.5,12.0,0.25,1.25,0.0,0.0,1.5,18.080833333325,0.0,0.0,218.25,0.0
38.333333333333336,48.0,87.10533333333335,1124.2666666666667,8.333333333333334,4.666666666666667,152.33333333333334,1.6600000000000001,1.3333333333333333,0.3333333333333333,6.666666666666667,0.0,8.333333333333334,0.0,1.6666666666666667,0.0,0.0,1.6666666666666667,25.48,0.0,0.0,196.33333333333334,0.0
53.25,54.5,127.36824999999999,1162.125,9.25,5.25,155.0,1.6775,2.0,0.5,6.75,3.5,12.75,0.0,2.5,0.75,0.0,3.25,29.240000000000002,0.0,0.0,182.0,0.0
44.0,43.5,101.861925,1114.375,8.0,5.0,166.0,1.5,2.0,0.5,5.5,0.0,8.0,0.0,2.5,4.5,0.0,7.0,28.3125,0.0,0.0,166.5,0.0
39.6,61.2,91.6464,1114.6200000000001,10.8,4.6,147.4,1.77,1.6,1.2,8.0,0.0,10.8,0.4,1.2,0.0,0.0,1.6,27.898000000000003,0.0,0.0,201.4,0.0
52.25,59.0,123.2636,1146.1525000000001,9.5,5.25,156.0,1.7149999999999999,1.5,0.25,7.5,2.5,11.75,0.5,1.25,0.0,1.0,2.75,22.04,0.0,0.0,195.75,0.0
30.333333333333332,58.333333333333336,70.96280906666668,1165.3133333333333,9.666666666666666,4.0,145.33333333333334,1.4766666666666666,2.0,0.6666666666666666,0.0,3.0,5.666666666666667,0.0,3.3333333333333335,0.0,1.6666666666666667,5.0,21.565555555566664,0.0,0.0,214.66666666666666,0.0
31.0,61.5,71.4276193,1171.7350000000001,9.75,4.0,138.25,1.5975000000000001,2.0,0.5,2.0,3.5,8.0,0.0,2.5,0.5,0.0,3.0,19.35,0.0,0.148848675,225.0,0.0
51.0,60.25,121.81675,1158.9025,10.5,5.25,158.0,1.7974999999999999,1.5,1.5,7.5,0.0,10.5,0.0,1.5,0.0,0.0,1.5,35.28,0.0,0.0,196.5,0.0
39.333333333333336,52.333333333333336,90.97533333333332,1103.8500000000001,9.333333333333334,4.666666666666667,155.33333333333334,1.633333333333333,1.6666666666666667,1.0,6.666666666666667,0.0,9.333333333333334,0.3333333333333333,1.0,0.0,0.0,1.3333333333333333,32.28666666666667,0.0,0.0,205.33333333333334,0.0
25.0,60.0,53.64803479999999,1177.92,10.6,3.8,130.4,1.884,2.0,1.2,3.4,0.0,6.6,0.0,1.2,2.6,0.0,3.8,19.62909523808,0.65,0.23815788000000002,129.6,0.0
66.5,48.25,164.14945,1145.5,8.0,5.75,168.5,1.4175,2.0,0.5,5.25,9.25,17.0,0.0,2.5,2.25,1.25,6.0,29.480416666674998,0.0,0.0,194.0,0.0
25.0,77.33333333333333,60.98792,1106.0066666666667,2.3333333333333335,2.6666666666666665,77.33333333333333,1.9666666666666668,1.3333333333333333,0.0,1.0,4.666666666666667,7.0,0.6666666666666666,0.0,2.3333333333333335,0.0,3.0,10.450000000000001,5.235333333333333,0.0,205.66666666666666,0.0
46.0,50.5,107.914625,1147.0,9.0,5.0,161.0,1.655,2.0,1.5,5.0,1.5,10.0,0.0,1.5,0.0,5.5,7.0,28.924999999999997,0.0,0.0,180.0,0.0
60.0,57.5,145.907,1181.16,8.0,5.5,153.5,1.665,2.0,0.0,6.0,7.0,15.0,0.0,0.0,4.0,0.0,4.0,24.21629310345,0.0,0.0,180.0,0.0
48.75,52.25,117.24591,1211.6875,5.25,5.0,166.75,1.3875,2.0,0.25,2.5,5.5,10.25,0.0,1.25,0.0,1.5,2.75,27.154166666650003,0.0,0.0,180.25,0.0
41.75,46.25,96.7312125,1238.59,7.5,4.75,155.75,1.44,2.0,0.0,5.25,3.0,10.25,0.0,0.0,2.25,0.5,2.75,22.7175,0.0,0.0,194.0,0.0
49.5,36.5,118.5222845,1226.165,6.5,5.0,156.0,1.77,1.5,0.0,5.0,7.0,13.5,0.5,0.0,0.0,0.0,0.5,27.235,0.0,0.0,225.0,0.0
57.0,13.0,138.90547,1193.0,3.0,6.0,207.0,1.1,2.0,0.0,1.0,0.0,3.0,0.0,0.0,9.0,0.0,9.0,36.8975,0.0,0.0,194.0,0.0
76.0,61.5,188.95730500000002,1181.2,9.0,6.0,169.0,1.635,2.0,1.5,5.0,13.5,22.0,0.0,1.5,0.0,0.5,2.0,31.365000000000002,0.0,0.0,103.0,0.0
48.333333333333336,79.33333333333333,116.71233333333333,1242.3333333333333,13.666666666666666,4.666666666666667,127.0,2.433333333333333,2.0,2.6666666666666665,9.0,4.666666666666667,18.333333333333332,0.0,1.3333333333333333,1.0,0.0,2.3333333333333335,22.01666666666667,0.5326666666666667,0.0,84.33333333333333,0.0669000000000004
28.4,58.6,62.49000000000001,1250.6680000000001,10.4,4.0,136.0,1.764,1.6,0.8,8.0,0.0,10.4,0.4,1.6,0.0,0.0,2.0,21.184,0.1532,0.0,225.0,0.0
47.0,34.5,113.988625,1218.6725000000001,4.0,4.75,161.0,1.4449999999999998,1.5,0.0,2.0,7.0,10.5,0.5,0.0,0.5,0.0,1.0,24.618333333324998,0.0,0.0,226.0,0.0
18.692307692307693,61.84615384615385,40.34694913846154,1180.2123076923076,10.384615384615385,3.4615384615384617,131.84615384615384,1.5615384615384615,2.0,0.6153846153846154,1.6153846153846154,0.0,4.230769230769231,0.0,3.076923076923077,2.230769230769231,0.0,5.3076923076923075,15.858103448276923,0.0,9.542175066307691e-05,220.15384615384616,0.0
50.0,52.333333333333336,119.88394999999998,1252.46,9.333333333333334,5.0,156.0,1.8166666666666667,1.6666666666666667,0.6666666666666666,7.0,4.666666666666667,14.0,0.3333333333333333,1.3333333333333333,3.0,0.0,4.666666666666667,23.848333333333333,0.0,0.0,214.66666666666666,0.0
25.75,41.25,57.258706000000004,1245.1875,5.25,4.0,155.75,1.4525000000000001,2.0,0.25,3.0,0.0,5.25,0.0,1.25,4.5,0.0,5.75,22.905,0.0,3.175e-06,180.25,0.0
28.0,66.0,61.6445,1258.18,10.0,4.0,140.0,1.955,2.0,2.0,1.0,0.0,5.0,0.0,1.0,4.0,0.0,5.0,24.4909375,1.101,0.0,132.0,0.0
48.75,51.5,115.73732999999999,1225.59,7.5,5.0,156.25,1.4425,2.0,0.0,5.0,5.75,12.75,0.0,0.0,0.0,1.25,1.25,22.309583333325,0.0,0.0,194.0,0.0
34.666666666666664,58.5,79.19515583333333,1256.47,9.333333333333334,4.333333333333333,136.0,1.7449999999999999,2.0,0.3333333333333333,6.833333333333333,1.5,10.666666666666666,0.0,1.6666666666666667,1.5,0.8333333333333334,4.0,16.697777777783333,0.0,0.7742356,150.66666666666666,0.0
25.0,66.25,54.40488465,1251.695,11.5,3.75,129.25,1.8275,1.25,0.25,7.5,0.0,9.0,0.75,1.25,0.0,0.0,2.0,12.4225,0.0,0.0,225.0,0.0
36.5,52.5,85.38525,1253.3925,9.0,4.25,136.25,1.8575,0.75,0.75,7.5,0.0,9.0,0.25,0.75,0.0,0.0,1.0,19.243333333324998,0.0,0.0,211.25,0.0
22.103448275862068,69.96551724137932,48.895596917241384,1180.2506896551722,12.172413793103448,3.5517241379310347,125.96551724137932,1.7727586206896553,1.4482758620689655,0.7241379310344828,2.7586206896551726,0.0,4.931034482758621,0.0,3.6206896551724137,0.0,0.0,3.6206896551724137,15.90896551724138,0.0,0.0,225.0,0.0
48.0,74.66666666666667,115.47466666666666,1191.1066666666666,12.0,5.0,150.33333333333334,1.8433333333333335,2.0,2.6666666666666665,7.333333333333333,0.0,12.0,0.0,1.3333333333333333,2.6666666666666665,0.0,4.0,30.907222222199994,0.30933333333333335,0.0,166.0,0.0
10.0,77.5,20.892381,1332.65,14.0,2.5,95.5,2.115,2.0,2.0,0.0,0.0,4.0,0.0,4.0,0.0,0.0,4.0,14.8713690476,1.5745,0.0,84.0,1.4661999999999997
26.5,51.75,63.2802693,1264.9075,9.0,3.5,127.75,1.6,1.75,0.5,1.75,3.5,7.5,0.25,2.5,0.75,0.0,3.5,15.940833333325001,0.0,0.0,226.0,0.0
38.5,59.833333333333336,88.58755333333333,1295.3833333333334,9.833333333333334,4.5,144.0,1.7533333333333332,1.3333333333333333,0.0,8.333333333333334,1.8333333333333333,11.5,0.6666666666666666,0.0,0.0,0.5,1.1666666666666667,15.751388888883334,0.0,0.0,214.66666666666666,0.0
35.6,59.8,80.9114,1327.2,10.4,4.4,140.2,1.814,2.0,1.2,7.2,0.0,10.4,0.0,1.2,0.8,0.0,2.0,25.716,0.0,0.23815788000000002,202.2,0.0
22.25,49.0,49.361847499999996,1300.2725,8.25,3.5,125.0,1.6875,1.75,0.5,6.0,0.0,8.25,0.25,1.0,1.5,0.0,2.75,15.022083333325,0.09575,0.7742356,210.5,0.0
47.0,72.0,113.71633333333334,1289.3933333333334,9.0,4.666666666666667,138.66666666666666,1.88,1.6666666666666667,1.0,6.333333333333333,4.666666666666667,13.666666666666666,0.3333333333333333,1.0,0.3333333333333333,0.0,1.6666666666666667,23.156666666666666,0.0,0.0,195.0,0.0
61.666666666666664,48.333333333333336,149.77866666666665,1323.25,6.333333333333333,5.666666666666667,173.33333333333334,1.42,2.0,0.3333333333333333,3.3333333333333335,8.0,13.666666666666666,0.0,1.6666666666666667,0.0,1.3333333333333333,3.0,28.47666666666667,0.0,0.0,175.66666666666666,0.0
60.0,77.66666666666667,146.20133333333334,1282.9866666666667,13.333333333333334,5.333333333333333,138.0,2.1266666666666665,1.6666666666666667,2.0,9.666666666666666,4.666666666666667,18.0,0.3333333333333333,2.0,0.3333333333333333,0.0,2.6666666666666665,26.046666666666667,0.0,0.0,185.66666666666666,0.0
55.5,43.75,136.866375,1256.42,8.0,5.25,165.75,1.4375,2.0,0.5,3.0,0.0,5.5,0.0,1.0,4.5,0.0,5.5,30.856250000000003,0.19325,0.0,217.75,0.0
41.72727272727273,60.63636363636363,96.07749,1290.6136363636363,9.0,4.818181818181818,151.0909090909091,1.6345454545454545,2.0,0.45454545454545453,6.545454545454546,0.0,9.0,0.0,2.272727272727273,3.4545454545454546,0.0,5.7272727272727275,21.324545454545458,0.0,0.2815402181818182,169.0,0.0
36.75,61.75,83.2835,1318.3225,9.75,4.5,145.25,1.7275,1.5,0.25,8.0,0.0,9.75,0.5,1.25,2.0,0.0,3.75,17.39875,0.0,0.0,195.75,0.0
82.5,56.5,207.3380745,1274.165,9.5,6.25,154.25,2.05,1.5,0.25,7.75,11.0,20.5,0.5,1.25,2.25,3.0,7.0,21.372500000000002,0.0,0.0,195.75,0.0
56.0,61.666666666666664,134.33618966666666,1298.36,9.333333333333334,5.333333333333333,151.0,1.8833333333333335,1.6666666666666667,0.3333333333333333,7.333333333333333,4.666666666666667,14.0,0.3333333333333333,1.6666666666666667,2.6666666666666665,0.0,4.666666666666667,21.385,0.0,0.0,186.0,0.5015999999999998
34.666666666666664,69.66666666666667,83.01569239999999,1302.78,12.0,4.0,126.0,1.8333333333333333,1.6666666666666667,0.6666666666666666,3.0,4.666666666666667,10.0,0.3333333333333333,3.3333333333333335,0.3333333333333333,0.0,4.0,15.993333333333334,0.0,0.0,225.0,0.0
58.0,54.0,140.046365,1271.77,9.25,5.5,160.0,1.7125,1.5,0.0,8.0,0.0,9.5,0.5,0.0,2.0,0.0,2.5,21.131249999999998,0.0,0.0,217.25,0.0
29.0,66.0,63.9715975,1360.02,11.0,4.0,123.5,1.855,2.0,0.5,8.5,0.0,11.0,0.0,1.0,1.5,0.0,2.5,14.36375,0.09575,0.7742356,201.75,0.0
49.0,56.5,116.923475,1359.5,9.0,5.0,156.5,1.695,2.0,1.5,5.0,4.5,13.0,0.0,1.5,0.0,2.5,4.0,26.95583333335,0.0,0.0,180.0,0.0
60.666666666666664,62.666666666666664,147.54686666666666,1402.8,9.333333333333334,5.333333333333333,153.0,1.7333333333333332,2.0,1.0,6.333333333333333,9.333333333333334,18.666666666666668,0.0,1.0,3.6666666666666665,0.0,4.666666666666667,24.045,0.0,0.19921393333333334,143.66666666666666,0.1726000000000001
41.6,57.6,98.917,1343.16,7.2,4.6,153.0,1.5539999999999998,2.0,0.8,4.0,4.0,10.8,0.0,1.6,0.0,1.6,3.2,26.276,0.1532,0.0,206.4,0.0
46.81818181818182,65.0909090909091,109.58598636363637,1387.0436363636363,10.818181818181818,5.0,146.1818181818182,1.9800000000000002,1.6363636363636365,1.0909090909090908,8.090909090909092,0.0,10.818181818181818,0.36363636363636365,2.1818181818181817,1.9090909090909092,0.0,4.454545454545454,26.010454545454547,0.0,0.0,165.0909090909091,0.0
49.5,57.5,118.7108,1387.5,9.0,5.0,155.5,1.7000000000000002,2.0,1.5,5.0,5.0,13.5,0.0,1.5,0.0,2.0,3.5,26.7075,0.0,0.0,180.0,0.0
49.0,76.33333333333333,115.47516666666667,1348.1866666666667,13.0,5.0,140.0,2.1266666666666665,1.6666666666666667,2.0,9.333333333333334,0.0,13.0,0.3333333333333333,2.0,0.6666666666666666,0.0,3.0,25.586666666666662,0.0,0.0,185.66666666666666,0.004399999999999515
33.0,59.666666666666664,74.67,1357.32,9.0,4.333333333333333,140.33333333333334,1.8500000000000003,1.3333333333333333,0.3333333333333333,7.333333333333333,0.0,9.0,0.0,1.6666666666666667,2.6666666666666665,0.0,4.333333333333333,16.6525,0.0,7.5111111111e-06,161.0,0.0
43.625,71.875,101.611309825,1355.9275,12.125,4.75,136.75,2.24125,0.75,1.375,8.75,0.0,10.875,0.0,0.875,0.0,0.0,0.875,21.82,0.2655,0.0,184.75,0.0
30.333333333333332,72.0,68.07106499999999,1396.9333333333334,12.333333333333334,4.0,122.0,1.9666666666666666,2.0,1.3333333333333333,9.0,0.0,12.333333333333334,0.0,2.6666666666666665,1.0,0.0,3.6666666666666665,18.751666666666665,0.25533333333333336,0.5161570666666667,214.66666666666666,0.0
36.0,77.75,81.917575,1376.75,13.5,4.25,124.75,2.205,1.75,2.25,9.5,0.0,13.5,0.25,2.25,0.5,0.0,3.0,20.04125,0.0,0.0,180.75,0.0
17.0,42.5,34.08175,1401.0,8.0,3.5,143.5,1.45,2.0,1.0,0.0,0.0,3.0,0.0,2.0,0.0,0.0,2.0,29.105000000000004,0.3865,0.0,226.0,0.0
19.75,64.75,42.18531805,1361.4850000000001,10.75,3.5,125.0,1.7325000000000002,2.0,0.5,3.25,0.0,5.75,0.0,2.5,1.75,0.0,4.25,13.483749999999999,0.0,0.9147835,218.25,0.0
42.5,40.75,100.540831,1359.9825,7.5,4.75,157.5,1.5675,1.75,0.25,5.5,3.5,11.0,0.25,1.25,4.5,0.0,6.0,21.9275,0.0,3.175e-06,201.75,0.0
28.428571428571427,62.42857142857143,66.01651654285715,1363.4871428571428,10.428571428571429,3.857142857142857,138.42857142857142,1.5814285714285714,2.0,1.0,0.0,2.857142857142857,5.857142857142857,0.0,3.2857142857142856,0.0,1.1428571428571428,4.428571428571429,21.828571428571426,0.22085714285714286,0.0,216.71428571428572,0.0
53.0,53.0,124.88725,1366.2866666666669,8.333333333333334,5.333333333333333,161.33333333333334,1.6900000000000002,1.3333333333333333,0.0,6.666666666666667,3.0,11.0,0.6666666666666666,0.0,0.0,1.6666666666666667,2.3333333333333335,21.465555555566667,0.0,0.0,214.66666666666666,0.0
46.6,55.6,113.17772772000001,1360.904,7.4,4.6,150.6,1.6920000000000002,2.0,0.8,0.6,8.4,11.8,0.0,1.6,5.4,0.0,7.0,23.56875,1.2874,0.00134826,200.2,0.0
41.333333333333336,71.0,97.15466666666667,1354.02,11.333333333333334,4.666666666666667,144.33333333333334,1.8133333333333332,2.0,2.0,7.333333333333333,0.0,11.333333333333334,0.0,2.0,2.6666666666666665,0.0,4.666666666666667,26.987777777766667,0.2823333333333333,0.0,190.33333333333334,0.0
67.6,61.4,167.1466552,1458.0639999999999,9.6,5.6,140.8,2.34,1.2,0.0,8.4,11.2,20.8,0.8,0.0,1.6,0.0,2.4,16.698,0.0,4.50666666666e-06,218.8,0.0
20.333333333333332,66.16666666666667,42.129283333333326,1452.8333333333333,8.0,3.5,127.5,1.7083333333333333,2.0,0.3333333333333333,4.0,0.0,6.333333333333333,0.0,0.6666666666666666,1.0,0.0,1.6666666666666667,16.19666666666667,0.12883333333333333,0.29769735,215.0,0.0
50.0,62.666666666666664,119.71253166666668,1480.1333333333332,9.333333333333334,5.0,149.66666666666666,1.7433333333333334,2.0,1.0,6.333333333333333,4.666666666666667,14.0,0.0,1.0,3.6666666666666665,0.0,4.666666666666667,22.13,0.0,0.5161570666666667,133.33333333333334,1.0123000000000006
37.75,64.25,85.44149999999999,1426.6374999999998,10.75,4.5,133.0,1.9875,0.75,0.0,10.0,0.0,10.75,0.25,0.0,0.0,0.0,0.25,13.4625,0.0,0.0,217.25,0.0
29.0,66.4,64.10319999999999,1480.5140000000001,11.0,4.0,127.2,1.916,1.8,0.8,8.4,0.0,11.0,0.2,1.6,1.6,0.0,3.4,15.707999999999998,0.1532,0.84426512,226.6,0.0
26.2,61.8,57.59234,1464.8200000000002,9.8,3.8,121.2,2.146,1.6,0.6,5.6,0.0,7.8,0.0,0.6,2.4,0.0,3.0,12.273749999999998,1.2874,1.26639768,221.2,0.0
55.666666666666664,42.666666666666664,137.71925642666667,1484.5566666666666,7.0,5.0,146.0,1.8299999999999998,1.0,0.0,6.0,9.333333333333334,16.333333333333332,1.0,0.0,0.6666666666666666,0.0,1.6666666666666667,19.7611111111,0.0,0.0,226.33333333333334,0.0
47.333333333333336,41.333333333333336,115.96833333333332,1482.0,5.666666666666667,5.0,158.0,1.4933333333333334,2.0,0.0,3.6666666666666665,1.0,6.666666666666667,0.0,0.0,6.333333333333333,3.6666666666666665,10.0,13.666724137933334,0.0,0.00020674712643666666,165.66666666666666,0.0
47.0,75.33333333333333,112.95596,1426.0,12.333333333333334,4.666666666666667,136.66666666666666,2.1999999999999997,2.0,2.6666666666666665,7.666666666666667,4.666666666666667,17.0,0.0,1.3333333333333333,2.3333333333333335,0.0,3.6666666666666665,23.320000000000004,0.5326666666666667,0.0,85.66666666666667,0.0
57.666666666666664,69.33333333333333,139.45596,1433.3866666666665,11.0,5.333333333333333,149.33333333333334,1.8066666666666666,2.0,1.3333333333333333,7.666666666666667,4.666666666666667,15.666666666666666,0.0,2.6666666666666665,2.3333333333333335,0.0,5.0,28.23,0.0,0.0,170.33333333333334,0.0
36.0,60.2,82.8895048,1438.72,9.8,4.4,140.8,1.9899999999999998,1.6,1.2,2.8,1.2,6.8,0.4,1.2,1.2,1.6,4.4,21.07809523808,0.65,0.0,111.6,0.0
38.666666666666664,59.666666666666664,88.49773499999999,1414.0016666666668,9.666666666666666,4.5,143.83333333333334,1.7966666666666666,1.1666666666666667,0.0,8.333333333333334,2.1666666666666665,11.666666666666666,0.8333333333333334,0.0,0.0,0.16666666666666666,1.0,15.065,0.0,0.0,219.83333333333334,0.0
36.0,59.8,81.38175999999999,1434.56,10.2,4.4,137.8,1.796,2.0,0.8,7.2,0.8,10.8,0.0,1.6,0.8,2.0,4.4,20.292,0.1532,0.23815788000000002,218.8,0.0
75.0,55.0,186.28781933333335,1473.8866666666665,8.333333333333334,6.0,154.66666666666666,2.1033333333333335,1.3333333333333333,0.0,6.666666666666667,13.0,21.0,0.6666666666666666,0.0,0.0,1.0,1.6666666666666667,21.377777777766667,0.0,0.0,214.66666666666666,0.0
24.5,66.0,54.983349999999994,1479.525,10.5,3.5,112.5,2.6,1.5,1.5,2.5,0.0,5.5,0.5,1.5,2.5,0.0,4.5,15.229375000000001,3.2185,0.0,211.5,0.0
31.0,58.166666666666664,68.16336666666666,1442.8,10.0,4.166666666666667,134.5,1.7833333333333332,2.0,0.6666666666666666,7.333333333333333,0.0,10.0,0.0,1.3333333333333333,1.0,0.0,2.3333333333333335,21.866666666666664,0.12766666666666668,0.29769735,225.0,0.0
29.0,56.666666666666664,65.4849,1439.6833333333334,7.666666666666667,4.0,140.33333333333334,1.9000000000000001,2.0,1.0,1.3333333333333333,0.0,4.333333333333333,0.0,1.0,5.333333333333333,0.0,6.333333333333333,20.38625,2.1456666666666666,0.0,194.0,0.0
49.142857142857146,67.14285714285714,115.91498571428572,1543.892857142857,11.142857142857142,5.0,137.0,2.1142857142857143,0.5714285714285714,0.5714285714285714,10.0,2.0,13.142857142857142,0.0,1.1428571428571428,0.0,0.0,1.1428571428571428,17.305,0.0,0.0,212.14285714285714,0.0
75.66666666666667,56.333333333333336,187.62244933333332,1497.5533333333333,8.333333333333334,6.0,154.0,2.11,1.3333333333333333,0.0,6.666666666666667,13.666666666666666,21.666666666666668,0.6666666666666666,0.0,0.0,0.3333333333333333,1.0,21.06,0.0,0.0,214.66666666666666,0.0
67.44444444444444,50.22222222222222,165.61102833333337,1529.4222222222222,6.333333333333333,5.777777777777778,173.55555555555554,1.4911111111111108,2.0,0.6666666666666666,3.0,11.777777777777779,17.444444444444443,0.0,0.6666666666666666,0.3333333333333333,0.6666666666666666,1.6666666666666667,28.31388888888889,0.0,0.17205235555555556,153.55555555555554,0.0
41.25,63.75,96.4305,1528.6775,10.75,4.5,133.0,1.9949999999999997,1.0,0.0,9.75,3.5,14.25,1.0,0.0,0.25,0.0,1.25,12.057500000000001,0.0,0.0,225.0,0.0
32.333333333333336,48.666666666666664,74.27865666666666,1563.6666666666667,8.333333333333334,4.333333333333333,150.0,1.61,2.0,0.6666666666666666,2.3333333333333335,0.0,5.0,0.0,1.3333333333333333,4.333333333333333,0.0,5.666666666666667,22.689166666666665,0.25766666666666665,0.7035542666666667,216.66666666666666,0.0
42.4,59.0,98.59624000000001,1530.8,10.0,4.8,147.4,1.9619999999999997,1.6,1.2,7.2,0.0,10.0,0.4,1.2,0.8,0.0,2.4,27.044,0.0,0.0,202.2,0.0
29.6,44.8,65.2017248,1517.816,8.0,4.2,145.4,1.7,2.0,0.4,5.6,0.0,8.0,0.0,0.8,4.4,0.0,5.2,19.679,0.0,0.23816042000000004,195.8,0.0
33.0,63.75,73.874,1522.42,8.0,4.25,136.75,1.88,1.5,0.0,6.5,0.0,8.0,0.5,0.0,1.0,0.0,1.5,16.0325,0.0,0.0,209.5,0.0
26.0,57.666666666666664,57.713087333333334,1542.7666666666667,8.0,4.0,145.0,1.7166666666666668,2.0,1.0,1.6666666666666667,0.0,4.666666666666667,0.0,1.0,5.0,0.0,6.0,19.591746031733333,0.5416666666666666,0.0,141.66666666666666,0.0
44.0,78.0,104.24545,1502.25,13.5,4.5,124.5,2.1850000000000005,2.0,2.25,9.25,3.5,17.0,0.0,2.25,0.75,0.0,3.0,20.183750000000003,0.0,0.0,180.75,0.026799999999999713
50.0,62.333333333333336,118.47340000000001,1522.5933333333332,9.333333333333334,5.0,150.0,1.7433333333333332,2.0,1.0,6.333333333333333,4.666666666666667,14.0,0.0,1.0,3.6666666666666665,0.0,4.666666666666667,23.581666666666667,0.0,0.19921393333333334,195.0,0.2763
46.0,71.0,109.44440000000002,1562.0,11.333333333333334,4.666666666666667,137.66666666666666,1.8866666666666667,2.0,2.0,7.333333333333333,4.666666666666667,16.0,0.0,2.0,2.6666666666666665,0.0,4.666666666666667,22.183333333333334,0.0,0.0,175.33333333333334,0.0
54.666666666666664,58.666666666666664,130.18323666666666,1520.0266666666666,8.666666666666666,5.333333333333333,157.0,1.83,1.6666666666666667,0.6666666666666666,6.0,4.333333333333333,12.666666666666666,0.3333333333333333,1.3333333333333333,0.6666666666666666,0.3333333333333333,2.6666666666666665,25.56833333333333,0.0,0.0,186.66666666666666,0.0
59.666666666666664,47.666666666666664,146.29635,1496.22,8.333333333333334,5.333333333333333,147.33333333333334,2.146666666666667,1.3333333333333333,0.0,7.0,9.333333333333334,17.666666666666668,0.6666666666666666,0.0,3.0,0.0,3.6666666666666665,18.544999999999998,0.0,2.1166666666666666e-06,214.66666666666666,0.0
38.166666666666664,58.5,87.58905333333333,1501.0216666666665,9.5,4.5,143.16666666666666,1.8383333333333336,1.0,0.0,8.333333333333334,1.8333333333333333,11.166666666666666,0.6666666666666666,0.0,0.0,0.5,1.1666666666666667,14.903888888883332,0.0,0.0,219.83333333333334,0.0
62.142857142857146,66.71428571428571,153.11053742857143,1602.4257142857143,11.0,5.285714285714286,129.85714285714286,2.177142857142857,1.2857142857142858,0.42857142857142855,7.857142857142857,10.0,19.571428571428573,0.7142857142857143,0.42857142857142855,0.7142857142857143,0.0,1.8571428571428572,15.947176870742856,0.23214285714285715,0.0,188.71428571428572,0.0
55.2,60.8,136.4284396,1614.3319999999999,10.6,5.0,140.0,2.036,1.6,0.8,4.4,5.6,12.4,0.4,1.6,1.6,0.0,3.6,21.330000000000002,0.30920000000000003,0.0,225.8,0.0
43.333333333333336,44.0,100.15333333333335,1568.7,7.333333333333333,5.0,157.66666666666666,1.7833333333333334,0.6666666666666666,0.0,6.666666666666667,0.0,7.333333333333333,0.0,0.0,0.0,0.0,0.0,27.683333333333334,0.0,0.0,225.0,0.0
39.25,58.75,91.5198475,1586.2275,8.75,4.5,137.25,1.7175,2.0,0.25,6.5,3.5,12.25,0.0,1.25,3.5,0.0,4.75,15.386875,0.0,0.7742356,161.5,0.0
40.0,30.5,99.57900000000001,1596.345,5.0,4.0,134.5,1.59,1.5,0.0,3.5,7.0,12.0,0.5,0.0,1.5,0.0,2.0,15.40166666665,0.0,0.0,227.0,0.0
29.0,66.0,65.3632693,1575.4975,11.0,4.0,131.75,1.905,1.25,0.5,4.25,0.0,6.0,0.25,2.5,0.75,0.0,3.5,15.22,0.0,0.0,217.25,0.0
65.66666666666667,61.0,161.36766666666668,1571.7266666666667,9.333333333333334,5.666666666666667,154.66666666666666,1.8566666666666667,1.6666666666666667,1.0,6.333333333333333,8.666666666666666,17.666666666666668,0.3333333333333333,1.0,0.3333333333333333,0.6666666666666666,2.3333333333333335,25.721666666666664,0.0,0.0,195.0,0.2869999999999999
32.25,65.25,75.5062693,1604.2350000000001,10.75,4.0,128.75,1.8125000000000002,2.0,0.5,3.25,3.5,9.25,0.0,2.5,1.75,0.0,4.25,14.475,0.0,0.5276657,226.0,0.0
41.25,36.5,97.125456,1573.08,6.25,4.75,154.75,1.655,2.0,0.0,4.25,3.5,9.75,0.0,0.0,5.75,0.0,5.75,20.998146551725,0.0,3.175e-06,187.0,0.0
34.333333333333336,53.0,79.12623166666667,1600.0,8.666666666666666,4.333333333333333,145.0,1.6499999999999997,2.0,0.6666666666666666,2.3333333333333335,2.0,7.0,0.0,1.3333333333333333,1.0,2.6666666666666665,5.0,21.304999999999996,0.25766666666666665,0.5161570666666667,195.66666666666666,0.0
29.4,60.6,65.10436,1585.0,10.2,4.0,133.6,1.761,2.0,0.8,3.2,1.4,7.4,0.0,1.6,0.8,1.4,3.8,19.596,0.30920000000000003,0.23815788000000002,226.6,0.0
42.4,58.2,98.2414,1593.56,9.8,4.8,145.6,1.94,1.6,0.8,7.4,0.2,10.0,0.4,1.6,2.6,2.6,7.2,22.106,0.1532,0.0,218.8,0.0
26.666666666666668,50.0,58.99989133333333,1579.4333333333334,8.666666666666666,4.0,141.0,1.9166666666666667,1.6666666666666667,1.0,2.6666666666666665,0.0,5.333333333333333,0.3333333333333333,1.0,4.0,0.0,5.333333333333333,19.438412698399997,0.5416666666666666,2.1166666666666666e-06,130.0,0.0
47.25,56.75,110.69825,1636.7275,8.5,5.0,148.75,1.9024999999999999,1.5,0.25,6.5,3.0,11.25,0.5,1.25,1.0,0.5,3.25,19.180625,0.0,0.0,177.0,0.0
31.4,65.0,71.64596,1605.108,10.6,4.0,134.6,1.7740000000000002,1.6,0.8,4.2,2.8,9.4,0.4,1.6,1.8,0.0,3.8,18.377,0.30920000000000003,0.00044942,219.6,0.0
46.75,55.75,109.5085,1615.4775,8.5,5.0,149.5,1.8975,1.5,0.25,6.5,2.5,10.75,0.5,1.25,1.0,1.0,3.75,19.344375,0.0,0.0,177.0,0.0
50.0,38.5,120.9612405,1575.665,7.0,5.0,153.0,1.9500000000000002,1.5,0.0,5.5,7.0,14.0,0.5,0.0,4.5,0.0,5.0,19.4675,0.0,3.175e-06,209.5,0.0
45.0,59.5,104.11875,1594.58,9.0,5.0,149.25,1.855,1.0,0.0,8.0,0.0,9.0,0.0,0.0,2.0,0.0,2.0,17.877499999999998,0.0,0.0,209.5,0.0
41.5,63.25,95.0915,1697.52,10.0,4.75,138.75,2.0875,1.5,0.5,8.0,0.0,10.0,0.5,1.0,2.0,0.0,3.5,17.82375,0.0,0.5276657,205.0,0.0
64.66666666666667,44.666666666666664,159.26266666666666,1710.9333333333334,7.333333333333333,5.666666666666667,155.66666666666666,1.8366666666666667,1.3333333333333333,0.0,6.0,9.333333333333334,16.666666666666668,0.6666666666666666,0.0,0.6666666666666666,0.0,1.3333333333333333,28.09,0.0,0.0,225.0,0.0
22.0,57.25,47.403259649999995,1684.6175,8.5,3.75,134.5,1.725,2.0,0.25,3.75,0.0,6.0,0.0,1.25,3.75,0.0,5.0,12.7375,0.0,1.0553314,228.0,0.0
28.0,63.666666666666664,61.955652333333326,1660.4333333333334,10.0,4.0,129.0,2.0766666666666667,1.6666666666666667,1.0,4.0,0.0,6.666666666666667,0.3333333333333333,1.0,2.6666666666666665,0.0,4.0,16.1684126984,0.5416666666666666,0.5161570666666667,141.66666666666666,0.0
50.0,53.0,119.63715,1643.4666666666665,9.333333333333334,5.0,148.33333333333334,1.8933333333333333,1.6666666666666667,1.0,6.666666666666667,4.666666666666667,14.0,0.3333333333333333,1.0,3.3333333333333335,0.0,4.666666666666667,23.186666666666667,0.0,0.0,195.0,0.0
48.0,51.25,113.787553,1716.25,8.5,5.0,149.75,1.885,1.5,0.25,6.75,3.5,12.0,0.5,1.25,3.25,0.0,5.0,19.10625,0.0,1.5875e-06,209.5,0.0
20.5,64.25,46.118966,1678.6925,6.0,3.25,116.5,1.83,1.5,0.0,4.5,0.0,6.0,0.5,0.0,0.5,0.0,1.0,10.1225,0.0,0.0,209.5,0.0
36.0,59.8,82.6506,1664.8200000000002,10.2,4.4,140.2,1.8679999999999999,1.2,0.8,4.0,0.8,6.8,0.0,1.6,0.0,2.0,3.6,20.901999999999997,0.30920000000000003,0.0,219.6,0.0
42.25,51.75,97.1225,1703.4375,6.25,5.0,166.75,1.4425000000000001,2.0,0.25,4.0,0.0,6.25,0.0,1.25,6.0,0.0,7.25,23.461250000000003,0.0,0.0,180.25,0.0
47.5,57.25,111.1170525,1648.7275,8.5,5.0,149.0,1.9049999999999998,1.5,0.25,6.5,3.25,11.5,0.5,1.25,1.0,0.25,3.0,18.979375,0.0,0.0,177.0,0.0
35.4,58.6,81.583294,1644.6200000000001,10.2,4.4,141.4,1.86,1.2,0.8,4.2,0.0,6.2,0.0,1.6,1.8,0.0,3.4,21.319499999999998,0.30920000000000003,0.0,219.6,0.0
23.333333333333332,66.66666666666667,48.490766666666666,1714.3333333333333,11.333333333333334,3.6666666666666665,119.66666666666667,1.9066666666666665,2.0,0.6666666666666666,5.333333333333333,0.0,8.0,0.0,1.3333333333333333,1.3333333333333333,0.0,2.6666666666666665,13.693333333333333,0.25766666666666665,0.39692980000000005,225.66666666666666,0.0
28.0,57.0,62.4206,1658.0,9.4,4.0,137.4,1.72,2.0,0.8,2.4,0.8,6.0,0.0,1.6,1.6,2.0,5.2,19.43,0.30920000000000003,0.84426512,221.2,0.0
30.4,62.6,68.16335999999998,1720.0,10.2,4.0,131.8,1.7719999999999998,2.0,0.8,3.2,2.4,8.4,0.0,1.6,0.8,0.4,2.8,18.421,0.30920000000000003,0.23815788000000002,219.6,0.0
31.0,42.666666666666664,68.92408,1778.3333333333333,7.0,4.333333333333333,147.33333333333334,1.66,2.0,0.0,5.0,0.0,7.0,0.0,0.0,5.0,0.0,5.0,17.618333333333336,0.0,1.0323141333333334,194.0,0.0
37.0,61.8,85.58727,1731.8200000000002,10.2,4.4,138.8,1.8820000000000001,1.2,0.8,4.0,1.8,7.8,0.0,1.6,0.0,1.0,2.6,20.28733333334,0.30920000000000003,0.0,219.6,0.0
37.4,62.6,86.788264,1755.42,10.2,4.4,138.4,1.886,1.2,0.8,4.0,2.2,8.2,0.0,1.6,0.0,0.6,2.2,20.08666666666,0.30920000000000003,0.0,219.6,0.0
37.25,37.75,86.877206,1764.92,6.75,4.5,150.75,1.6425,2.0,0.0,4.75,3.5,10.25,0.0,0.0,5.25,0.0,5.25,18.16,0.0,3.175e-06,201.75,0.0
75.33333333333333,55.0,187.74066666666667,1724.9333333333334,7.666666666666667,6.0,153.0,1.9399999999999997,1.3333333333333333,0.0,6.0,14.0,21.333333333333332,0.6666666666666666,0.0,0.6666666666666666,0.0,1.3333333333333333,21.386666666666667,0.0,0.0,225.0,0.0
38.0,55.6,87.008,1737.36,9.2,4.6,145.4,1.874,1.6,0.8,6.8,0.0,9.2,0.4,1.6,1.2,0.0,3.2,25.451999999999998,0.1532,0.0,212.6,0.0
20.25,63.5,44.905816,1771.25,5.75,3.25,114.5,1.8325,1.75,0.0,4.0,0.0,5.75,0.25,0.0,1.0,0.0,1.25,9.935,0.0,0.148848675,209.5,0.0
24.25,49.75,52.34136125,1782.25,6.25,4.0,145.75,1.635,2.0,0.0,4.25,0.0,6.25,0.0,0.0,5.75,0.0,5.75,13.546896551725,0.0,0.1489374718390804,207.5,0.0
38.75,57.25,90.85977249999999,1758.9775,8.25,4.5,140.5,1.8175,2.0,0.25,6.0,3.5,11.75,0.0,1.25,4.0,0.0,5.25,13.970668103449999,0.0,0.0001550603448275,181.75,0.0
40.5,60.25,93.09700000000001,1730.02,9.0,4.75,145.75,2.0149999999999997,1.5,0.5,7.0,0.0,9.0,0.5,1.0,3.0,0.0,4.5,19.31375,0.0,5.633333333325e-06,196.25,0.0
37.75,65.25,85.49925,1760.7925,10.75,4.5,134.0,2.1174999999999997,1.25,0.5,9.0,0.0,10.75,0.75,1.0,1.0,0.0,2.75,15.338750000000001,0.09575,0.0,225.0,0.0
48.5,50.333333333333336,113.67941666666667,1768.7333333333333,7.833333333333333,5.166666666666667,157.0,1.865,1.5,0.3333333333333333,5.666666666666667,2.0,9.5,0.5,0.6666666666666666,1.0,2.6666666666666665,4.833333333333333,21.730833333333333,0.06383333333333334,0.0,205.33333333333334,0.0
23.0,60.75,48.905125,1780.0,9.5,3.75,126.75,1.8475000000000001,2.0,0.5,4.5,0.0,7.0,0.0,1.0,3.0,0.0,4.0,13.157499999999999,0.19325,1.5829971,228.5,0.0
46.75,58.5,111.66179050000001,1764.325,8.25,4.75,145.25,1.6749999999999998,2.0,0.75,3.0,7.0,12.75,0.0,0.75,4.5,0.0,5.25,19.3225595238,0.40625,0.148848675,153.75,0.0
24.75,63.75,56.837466000000006,1796.2625,5.75,3.5,118.25,1.9049999999999998,1.25,0.0,4.5,0.0,5.75,0.25,0.0,0.5,0.0,0.75,10.9575,0.0,0.0,209.5,0.0
67.0,33.0,164.93032,1747.0,3.0,6.0,192.0,1.23,2.0,0.0,0.0,11.0,13.0,0.0,0.0,0.0,3.0,3.0,30.7333333333,0.0,0.0,194.0,0.0
38.0,62.0,89.25554733333333,1806.1000000000001,9.333333333333334,4.333333333333333,136.33333333333334,1.8399999999999999,2.0,1.0,3.0,4.666666666666667,10.666666666666666,0.0,1.0,3.6666666666666665,0.0,4.666666666666667,17.14007936506667,0.5416666666666666,0.7035542666666667,153.33333333333334,0.0
25.0,52.0,53.280199999999994,1834.5,7.0,4.0,142.0,1.725,2.0,0.0,5.0,0.0,7.0,0.0,0.0,5.0,0.0,5.0,13.505,0.0,0.2977086166666667,209.5,0.0
22.25,58.5,47.679249999999996,1873.0,8.75,3.75,132.0,1.7974999999999999,2.0,0.5,3.75,0.0,6.25,0.0,1.0,3.75,0.0,4.75,13.7275,0.19325,1.0553314,228.5,0.0
46.666666666666664,55.22222222222222,109.54977777777779,1846.3288888888887,7.111111111111111,5.111111111111111,162.66666666666666,1.5955555555555554,1.8888888888888888,0.6666666666666666,4.555555555555555,1.5555555555555556,8.666666666666666,0.1111111111111111,0.6666666666666666,5.444444444444445,0.0,6.222222222222222,24.14555555555556,0.0,0.0,191.22222222222223,0.0
17.333333333333332,68.33333333333333,36.0557,1851.3333333333333,11.333333333333334,3.3333333333333335,120.33333333333333,1.82,1.6666666666666667,1.3333333333333333,1.6666666666666667,0.0,4.666666666666667,0.3333333333333333,2.6666666666666665,1.6666666666666667,0.0,4.666666666666667,17.356666666666666,0.5153333333333333,0.0,227.66666666666666,0.0
52.75,59.5,124.77975,1852.4375,8.75,5.25,150.25,1.91,1.5,0.25,7.0,3.5,12.25,0.5,1.25,3.0,0.0,4.75,18.435000000000002,0.0,0.0,195.75,0.0
24.0,49.0,52.939772500000004,1851.0,6.0,4.0,146.0,1.5899999999999999,2.0,0.0,4.0,0.0,6.0,0.0,0.0,6.0,0.0,6.0,11.74879310345,0.0,0.0001550603448275,223.0,0.0
20.25,57.25,44.455017999999995,1819.75,6.25,3.5,125.25,1.74,2.0,0.0,4.25,0.0,6.25,0.0,0.0,3.25,0.0,3.25,10.3475,0.0,0.7742356,202.75,0.0
32.25,66.25,74.55175,1809.4425,10.75,4.0,132.25,1.75,1.75,1.0,3.0,3.5,9.25,0.25,2.0,2.0,0.0,4.25,18.5375,0.3865,0.0,218.25,0.0
37.666666666666664,50.666666666666664,89.37513733333333,1847.4666666666665,9.0,4.333333333333333,139.0,1.8466666666666665,1.6666666666666667,0.6666666666666666,3.3333333333333335,4.666666666666667,10.333333333333334,0.3333333333333333,1.3333333333333333,3.3333333333333335,0.0,5.0,19.231666666666666,0.25766666666666665,2.1166666666666666e-06,215.33333333333334,0.0
74.33333333333333,54.0,185.45783333333335,1867.8333333333333,8.666666666666666,6.0,149.16666666666666,2.0483333333333333,1.1666666666666667,0.0,7.5,11.666666666666666,20.333333333333332,0.8333333333333334,0.0,0.8333333333333334,0.0,1.6666666666666667,23.115,0.0,0.0,225.66666666666666,0.0
37.0,36.5,85.92230599999999,1849.35,6.5,4.5,150.0,1.7275,1.75,0.0,4.75,3.5,10.0,0.25,0.0,5.25,0.0,5.5,17.4525,0.0,0.14885185,209.5,0.0
86.33333333333333,32.666666666666664,220.347563,1794.4433333333334,5.666666666666667,6.666666666666667,182.66666666666666,1.7133333333333336,1.6666666666666667,0.0,4.666666666666667,4.666666666666667,11.0,0.3333333333333333,0.0,5.333333333333333,0.0,5.666666666666667,27.146666666666665,0.0,0.0,225.0,0.0
26.666666666666668,49.333333333333336,58.64897066666666,1912.6666666666667,8.666666666666666,4.0,141.0,1.8466666666666665,1.6666666666666667,0.6666666666666666,3.0,0.0,5.333333333333333,0.3333333333333333,1.3333333333333333,3.6666666666666665,0.0,5.333333333333333,18.771666666666665,0.25766666666666665,2.1166666666666666e-06,215.33333333333334,0.0
41.0,62.25,94.70951124999999,1909.195,9.5,4.75,142.5,2.0,1.5,0.75,7.25,0.0,9.5,0.5,0.75,2.75,0.0,4.0,17.266896551725,0.0,7.753017241375e-05,192.75,0.0
73.66666666666667,51.666666666666664,183.03111666666666,1903.9333333333334,7.666666666666667,6.0,155.33333333333334,1.9233333333333331,1.3333333333333333,0.0,6.0,12.333333333333334,19.666666666666668,0.6666666666666666,0.0,0.6666666666666666,1.6666666666666667,3.0,20.59222222223333,0.0,0.0,214.66666666666666,0.0
45.0,61.666666666666664,104.68466666666666,1879.5933333333332,9.0,5.0,153.33333333333334,1.86,1.6666666666666667,1.0,6.333333333333333,0.0,9.0,0.3333333333333333,1.0,3.6666666666666665,0.0,5.0,22.755,0.0,0.0,184.66666666666666,0.0
26.333333333333332,56.0,56.10943333333333,1879.6666666666667,8.333333333333334,4.0,133.66666666666666,1.8166666666666664,2.0,0.0,6.333333333333333,0.0,8.333333333333334,0.0,0.0,3.6666666666666665,0.0,3.6666666666666665,11.216666666666667,0.0,0.39692980000000005,226.33333333333334,0.0
44.5,57.5,102.621,1903.0375,8.5,5.0,148.0,1.9825000000000002,0.5,0.0,8.0,0.0,8.5,0.0,0.0,2.0,0.0,2.0,16.606250000000003,0.0,0.0,217.25,0.0
47.75,53.75,115.802353,1895.95,9.25,4.75,138.25,1.9549999999999998,1.5,0.5,4.75,7.0,13.75,0.5,1.0,2.75,0.0,4.25,18.17875,0.19325,1.5875e-06,217.75,0.0
57.0,52.0,138.222015,1935.52,8.25,5.5,159.25,1.915,1.5,0.5,6.5,0.0,8.5,0.5,1.0,3.5,0.0,5.0,23.16875,0.0,0.0,188.5,0.0
41.6,42.4,98.53510000000001,1879.0,7.2,4.6,149.0,1.6600000000000001,2.0,0.4,2.8,5.6,10.8,0.0,0.8,1.2,0.0,2.0,24.880000000000003,0.15460000000000002,0.0,225.4,0.0
30.0,63.333333333333336,71.86256066666667,1917.6666666666667,6.666666666666667,3.6666666666666665,127.33333333333333,1.5899999999999999,2.0,0.6666666666666666,0.6666666666666666,4.666666666666667,8.0,0.0,1.3333333333333333,2.6666666666666665,0.0,4.0,16.843333333333334,0.25766666666666665,0.0,205.0,0.0
14.2,63.0,30.51914772,1997.8940000000002,10.2,3.0,113.4,1.802,1.6,0.6,2.0,0.0,4.2,0.4,3.0,2.0,0.0,5.4,10.641,0.6096,0.0,203.0,0.0
43.333333333333336,59.333333333333336,101.98593333333334,1953.3333333333333,8.666666666666666,4.666666666666667,146.66666666666666,1.8166666666666664,1.6666666666666667,0.6666666666666666,3.0,4.666666666666667,10.0,0.3333333333333333,1.3333333333333333,3.6666666666666665,0.0,5.333333333333333,20.981666666666666,0.25766666666666665,0.0007490333333333333,215.33333333333334,0.0
24.2,56.2,54.085939999999994,2015.15,7.8,3.8,139.6,1.7899999999999998,2.0,0.6,3.2,0.0,5.8,0.0,1.8,4.8,0.0,6.6,15.994000000000003,0.8992000000000001,1.351999999998e-05,183.0,0.0
35.666666666666664,48.666666666666664,80.46039833333333,2008.0,5.666666666666667,4.666666666666667,158.66666666666666,1.5133333333333334,2.0,0.0,3.6666666666666665,0.0,5.666666666666667,0.0,0.0,6.333333333333333,0.0,6.333333333333333,18.878333333333334,0.0,0.5161570666666667,194.0,0.0
32.333333333333336,48.666666666666664,72.68711666666667,2031.0,8.333333333333334,4.333333333333333,149.0,1.7733333333333334,1.6666666666666667,0.6666666666666666,2.6666666666666665,0.0,5.0,0.3333333333333333,1.3333333333333333,4.0,0.0,5.666666666666667,22.105000000000004,0.25766666666666665,0.0,205.0,0.0
19.8,63.8,42.623056999999996,2010.0,8.6,3.4,119.0,1.9,2.0,0.4,4.2,0.0,6.6,0.0,0.8,1.8,0.0,2.6,11.853,0.8992000000000001,0.92908272,194.0,0.0
20.25,59.25,44.366924999999995,2001.9775,8.75,3.5,129.5,1.86,2.0,0.75,3.5,0.0,6.25,0.0,2.25,4.0,0.0,6.25,14.469375000000001,1.124,1.126666666665e-05,161.5,0.0
38.666666666666664,61.0,88.25758666666667,1998.0,8.666666666666666,4.666666666666667,149.33333333333334,1.9166666666666667,1.3333333333333333,1.3333333333333333,6.0,0.0,8.666666666666666,0.6666666666666666,0.6666666666666666,4.0,0.0,5.333333333333333,20.76,0.26633333333333337,0.0,157.33333333333334,0.0
40.8,37.8,96.62231,1959.4,7.2,4.6,158.2,1.566,2.0,0.6,2.6,2.8,8.0,0.0,1.8,5.4,0.0,7.2,25.928999999999995,0.8992000000000001,0.0,194.0,0.11849999999999916
38.333333333333336,61.0,88.30297,1972.0,9.666666666666666,4.5,140.0,1.9783333333333333,1.5,0.6666666666666666,4.0,1.8333333333333333,8.0,0.5,1.3333333333333333,1.0,0.5,3.3333333333333335,18.75555555555,0.25766666666666665,0.0,220.5,0.0
48.666666666666664,42.333333333333336,114.08533333333332,2095.0,6.333333333333333,5.333333333333333,165.33333333333334,1.84,1.3333333333333333,0.0,5.0,0.3333333333333333,6.666666666666667,0.6666666666666666,0.0,5.0,4.333333333333333,10.0,21.42,0.0,0.0,194.0,0.0
69.75,62.0,172.03937499999998,2090.3,9.75,5.75,137.5,2.28,1.0,0.0,8.75,10.5,20.25,1.0,0.0,1.25,0.0,2.25,14.675,0.0,0.0,225.0,0.0
81.0,51.25,204.32251499999998,2036.8000000000002,8.25,6.25,153.5,2.035,1.25,0.0,7.25,10.5,19.0,0.75,0.0,2.75,0.0,3.5,19.3575,0.0,0.0,225.0,0.0
6.4,71.2,13.509800000000002,2063.0,10.8,2.2,95.4,1.8940000000000001,2.0,0.8,0.0,0.0,2.8,0.0,4.0,0.0,0.0,4.0,10.315999999999999,1.2192,0.0,171.6,0.3650000000000002
26.6,59.0,61.65576,2050.8,9.0,3.6,123.8,1.802,2.0,0.4,2.6,2.8,7.8,0.0,2.0,3.4,0.0,5.4,12.934000000000001,0.6096,0.84471454,196.8,0.0
52.666666666666664,51.0,124.35666666666667,2081.3333333333335,7.0,5.333333333333333,157.66666666666666,1.9333333333333333,1.3333333333333333,0.0,5.333333333333333,4.0,10.666666666666666,0.6666666666666666,0.0,1.3333333333333333,0.6666666666666666,2.6666666666666665,19.288333333333334,0.0,0.0,214.66666666666666,0.0
62.44444444444444,55.666666666666664,152.57260000000002,2063.5066666666667,7.111111111111111,5.555555555555555,161.33333333333334,1.5344444444444445,2.0,0.6666666666666666,4.444444444444445,9.333333333333334,16.444444444444443,0.0,0.6666666666666666,5.555555555555555,0.0,6.222222222222222,22.959999999999997,0.0,0.06615496666666668,191.22222222222223,0.0
37.0,61.0,85.44904199999999,2081.2,9.4,4.4,140.8,1.89,1.6,0.8,2.8,2.6,7.8,0.4,1.6,1.2,0.2,3.4,19.535999999999998,0.30920000000000003,0.0,207.2,0.0
44.333333333333336,57.0,101.91546,2135.366666666667,8.333333333333334,5.0,147.33333333333334,2.0,0.3333333333333333,0.0,8.0,0.0,8.333333333333334,0.3333333333333333,0.0,2.0,0.0,2.3333333333333335,15.666666666666666,0.0,0.0,226.33333333333334,0.0
61.5,40.25,148.99251750000002,2130.75,5.0,5.75,171.0,1.6375,2.0,0.0,2.75,3.75,8.5,0.0,0.0,4.75,3.25,8.0,20.8825,0.0,0.0,180.25,0.0
69.25,60.5,170.813,2138.55,9.25,5.75,138.75,2.185,1.25,0.0,8.0,10.5,19.75,0.75,0.0,2.0,0.0,2.75,14.83625,0.0,0.0,217.25,0.0
41.5,57.5,98.3282955,2135.0,6.0,4.5,138.75,1.8575,1.5,0.0,4.5,3.5,9.5,0.5,0.0,3.0,0.0,3.5,14.342500000000001,0.0,0.0,209.5,0.0
10.0,74.71428571428571,20.565464914285712,2171.84,13.428571428571429,2.5714285714285716,101.71428571428571,2.012857142857143,2.0,1.4285714285714286,0.0,0.0,3.4285714285714284,0.0,4.571428571428571,0.0,0.0,4.571428571428571,11.834285714285715,1.926857142857143,0.0,211.71428571428572,1.3422
26.5,64.25,59.809420499999995,2115.25,8.0,3.75,124.75,1.9675,1.5,0.5,3.5,0.0,5.5,0.5,1.0,1.5,0.0,3.0,13.8375,0.19325,0.0,202.25,0.0
49.4,70.8,118.48895999999999,2132.0,11.4,4.8,136.2,2.2520000000000002,2.0,1.8,7.6,5.6,17.0,0.0,1.8,2.4,0.0,4.2,19.725,0.0,0.0,191.2,0.0
37.0,65.33333333333333,88.858,2148.2566666666667,11.0,4.0,119.0,2.046666666666667,1.6666666666666667,0.3333333333333333,5.666666666666667,4.666666666666667,12.333333333333334,0.3333333333333333,1.6666666666666667,1.0,0.0,3.0,10.8175,0.508,0.0,205.33333333333334,0.0
24.833333333333332,60.666666666666664,56.18403666666666,2217.3333333333335,9.5,3.6666666666666665,128.0,1.8166666666666664,1.6666666666666667,1.0,1.6666666666666667,1.8333333333333333,6.166666666666667,0.3333333333333333,2.0,1.6666666666666667,0.5,4.5,16.60555555555,1.0070000000000001,0.0,216.66666666666666,0.0
35.25,56.75,79.83784499999999,2221.75,5.75,4.5,149.25,1.8275000000000001,1.25,0.0,4.5,0.0,5.75,0.75,0.0,3.0,0.0,3.75,17.0225,0.0,0.0,202.75,0.0
61.75,41.25,150.108715,2207.25,5.5,5.75,170.25,1.7850000000000001,1.5,0.0,3.75,3.5,8.75,0.5,0.0,3.75,3.5,7.75,20.69625,0.0,0.0,180.25,0.0
42.2,58.0,98.89886,2199.0,8.6,4.6,139.4,2.0300000000000002,1.4,0.2,5.0,2.8,9.4,0.6,1.0,3.0,0.0,4.6,15.391500000000002,0.3048,0.00044942,207.0,0.0
43.75,55.25,99.985125,2209.75,7.75,5.0,150.25,2.0425,1.25,0.0,6.5,0.0,7.75,0.75,0.0,3.5,0.0,4.25,16.028750000000002,0.0,0.0,217.25,0.0
27.666666666666668,62.666666666666664,68.07712133333332,2193.0,3.6666666666666665,3.3333333333333335,114.33333333333333,1.68,2.0,0.0,1.6666666666666667,4.666666666666667,8.333333333333334,0.0,0.0,1.6666666666666667,0.0,1.6666666666666667,10.145,0.0,0.0,194.0,0.0
25.0,65.5,56.85825,2292.5,11.0,3.5,113.0,2.16,1.5,0.5,4.0,0.0,6.0,0.5,2.5,1.0,0.0,4.0,10.40625,0.762,0.0,195.5,0.0
61.5,50.5,151.03376125,2317.5,6.0,5.5,157.5,1.5875000000000001,2.0,0.0,4.0,10.5,16.5,0.0,0.0,6.0,0.0,6.0,17.274396551724998,0.0,7.753017241375e-05,207.5,0.0
41.25,41.0,98.23025,2340.6724999999997,5.75,4.5,145.5,1.935,1.25,0.0,4.5,3.5,9.25,0.75,0.0,3.0,0.0,3.75,14.915833333325,0.0,0.0,211.5,0.0
55.125,53.75,131.2496875,2337.875,7.125,5.375,154.375,1.9124999999999999,1.375,0.0,5.75,5.25,12.375,0.625,0.0,4.25,0.0,4.875,16.85,0.0,0.0,213.375,0.0
31.25,59.0,70.29175,2271.0,8.75,4.25,139.0,1.9825,1.5,0.5,4.25,0.0,6.25,0.5,1.0,3.25,0.0,4.75,15.1175,0.19325,0.0,211.0,0.0
36.5,49.5,85.21854875,2277.25,6.0,4.5,149.25,1.7149999999999999,2.0,0.0,4.0,3.5,9.5,0.0,0.0,6.0,0.0,6.0,14.57,0.0,0.3871290666666667,194.0,0.0
23.142857142857142,62.142857142857146,55.681814285714275,2393.5714285714284,10.285714285714286,3.142857142857143,112.85714285714286,1.8842857142857146,2.0,0.8571428571428571,0.0,3.4285714285714284,6.285714285714286,0.0,3.4285714285714284,0.0,0.5714285714285714,4.0,13.642857142857142,1.5131428571428571,0.0,178.0,0.0
57.75,49.5,138.8992,2414.0,5.75,5.5,163.5,1.7425000000000002,1.5,0.0,4.25,7.0,12.75,0.5,0.0,5.75,0.0,6.25,19.52125,0.0,0.000561775,194.0,0.0
41.0,49.75,96.211625,2394.5,6.0,4.75,153.25,1.815,1.75,0.0,4.25,3.5,9.5,0.25,0.0,5.75,0.0,6.0,15.418750000000001,0.0,1.126666666665e-05,201.75,0.0
37.25,41.75,84.228978,2392.5,5.75,4.75,154.5,1.83,1.75,0.0,4.0,0.0,5.75,0.25,0.0,6.0,0.0,6.25,16.62375,0.0,1.5875e-06,202.75,0.0
57.25,48.5,137.3910525,2384.5,5.75,5.5,164.25,1.7375,1.5,0.0,4.0,6.75,12.25,0.5,0.0,3.5,0.25,4.25,19.75,0.0,0.0,194.0,0.0
42.0,58.2,97.932282,2470.4,8.8,4.6,138.4,2.128,1.4,0.4,4.8,2.6,9.2,0.6,0.8,1.2,0.2,2.8,15.268,0.8992000000000001,0.0,212.6,0.0
50.0,50.0,117.503295,2475.0,6.0,5.25,160.75,1.8175000000000001,1.25,0.0,4.75,3.5,9.5,0.75,0.0,5.25,0.0,6.0,18.51625,0.0,0.000561775,202.75,0.0
60.0,56.5,145.522,2468.7,8.0,5.5,145.0,2.2199999999999998,1.0,0.0,7.0,7.0,15.0,1.0,0.0,3.0,0.0,4.0,15.355,0.0,0.0,227.0,0.0
35.0,60.0,81.43330399999999,2494.2,9.4,4.2,134.2,2.016,1.6,0.8,2.8,2.2,7.4,0.4,1.6,1.2,0.6,3.8,16.76666666666,1.0538,0.0,200.6,0.0
23.0,59.5,51.858689999999996,2549.0,9.0,3.5,124.0,1.82,1.5,0.5,2.0,0.0,4.0,0.5,2.5,3.0,0.0,6.0,12.67625,0.762,0.0,197.5,0.0
43.75,55.25,100.3025,2562.75,7.75,5.0,146.25,2.125,1.25,0.0,6.5,0.0,7.75,0.75,0.0,3.5,0.0,4.25,13.70375,0.0,0.0,194.0,0.0
72.0,45.0,178.49,2506.0,4.0,6.0,175.0,1.3,2.0,0.0,2.0,14.0,18.0,0.0,0.0,8.0,0.0,8.0,22.2,0.0,0.0,194.0,0.0
49.0,50.0,119.04849999999999,2623.5,6.0,5.0,152.0,1.87,2.0,0.0,4.0,7.0,13.0,0.0,0.0,6.0,0.0,6.0,15.39,0.0,1.126666666665e-05,194.0,0.0
53.25,42.25,129.159978,2638.5,5.75,5.25,158.25,1.7725000000000002,2.0,0.0,3.75,7.0,12.75,0.0,0.0,6.25,0.0,6.25,18.4025,0.0,1.5875e-06,194.0,0.0
50.0,43.0,117.99843249999999,2575.75,6.0,5.25,163.0,1.78,1.5,0.0,4.5,3.5,9.5,0.5,0.0,5.5,0.0,6.0,19.37625,0.0,0.0,202.75,0.0
50.875,59.25,123.62448749999999,2688.875,8.375,4.875,147.875,1.65,2.0,0.75,1.875,8.75,13.375,0.0,1.5,4.375,0.0,5.875,18.990000000000002,0.289875,0.0,228.25,0.0
28.666666666666668,67.0,70.61733333333332,2667.3333333333335,11.333333333333334,3.3333333333333335,104.0,2.0933333333333333,2.0,0.6666666666666666,2.0,4.666666666666667,9.333333333333334,0.0,3.3333333333333335,1.3333333333333333,0.0,4.666666666666667,9.478333333333333,1.016,0.0,175.33333333333334,0.0
26.75,61.75,62.55339874999999,2796.0,10.0,3.5,116.75,2.0549999999999997,2.0,1.0,1.75,3.0,7.75,0.0,2.0,0.75,0.5,3.25,13.0275,2.248,0.3871178,194.0,0.0
57.666666666666664,51.333333333333336,140.27631833333334,2782.6666666666665,6.333333333333333,5.333333333333333,155.33333333333334,1.6266666666666667,2.0,0.0,4.333333333333333,9.333333333333334,15.666666666666666,0.0,0.0,5.666666666666667,0.0,5.666666666666667,15.495,0.0,0.5161570666666667,217.33333333333334,0.0
50.0,50.25,117.734035,2747.25,6.0,5.25,158.25,1.7500000000000002,1.25,0.0,4.75,3.5,9.5,0.75,0.0,5.25,0.0,6.0,17.1875,0.0,0.0,228.0,0.0
32.25,57.0,78.74816375,2859.25,10.0,3.75,121.0,2.07,2.0,1.0,2.25,0.0,5.25,0.0,2.0,2.75,0.0,4.75,13.473749999999999,2.248,0.3871178,201.75,0.0
61.5,43.25,151.590948,2929.0,6.0,5.5,157.0,1.8150000000000002,2.0,0.0,4.0,10.5,16.5,0.0,0.0,6.0,0.0,6.0,17.13375,0.0,1.5875e-06,202.75,0.0
61.25,49.75,150.30722,3037.25,5.75,5.5,158.0,1.71,2.0,0.0,3.75,10.5,16.25,0.0,0.0,6.25,0.0,6.25,16.03,0.0,5.633333333325e-06,202.75,0.0
